trial_id,genome_length,win_rate,num_games,num_solved,avg_guesses_solved,median_guesses_solved,avg_target_abs,mean_runtime_sec,total_runtime_sec,score,evo_pop_size,evo_genome_length,evo_generations_per_guess,evo_tournament_size,evo_crossover_rate,evo_mutation_rate,evo_elite_fraction,evo_mid_fraction,fit_error_tolerance,fit_value_weight,fit_green_bonus,fit_low_gray_bonus,fit_diversity_bonus_per_symbol,fit_diversity_min_symbols
3,29,0.0,20,0,7,7.0,139876.3808200527,1.9944543500000051,39.8890870000001,-21.0,311,20,10,6,0.4021355003117065,0.04969992495060766,0.11880728734421374,0.45904111826137783,72.3437129625735,0.6575615603761096,18.314527943496703,1.3034506675837352,0.6947883948888197,4
9,24,0.2,20,4,1.0,1.0,35404.335269016636,3.108147565000003,62.16295130000006,17.0,334,20,19,2,0.8996936052362723,0.1415057903361613,0.14504804123263476,0.34032031549413033,35.92233350328573,1.9197799306647507,14.840676682685583,4.755717006767535,0.2229507537853742,4
0,24,0.2,20,4,2.0,1.0,135105.55729166666,4.894834395000002,97.89668790000005,14.0,726,20,13,3,0.9986040726492297,0.15360669354724935,0.06492954332606403,0.2636012948129146,95.42556419530523,1.6829454717974588,8.334806586521882,1.523672247614447,0.3686554924016838,4
1,24,0.25,20,5,1.0,1.0,163525.35375,5.204517119999998,104.09034239999997,22.0,471,20,26,2,0.9162845814100163,0.13257658851524376,0.10165696099273319,0.39024127291618904,96.2510891853999,1.0226102468852583,9.660970428086545,4.53206739118218,2.9242720827783577,5
13,26,0.35,20,7,2.0,1.0,105009.23333333335,6.435869439999999,128.71738879999998,29.0,575,20,27,3,0.603563767492491,0.20014610198551666,0.0701375026765918,0.43423148503011977,13.061399684778692,1.6532839601702765,17.806358144050737,3.7469319514292554,2.0364108123268103,5
7,26,0.25,20,5,1.0,1.0,86774.6380952381,6.643330635000001,132.86661270000002,22.0,496,20,30,3,0.835804797981481,0.1829706506284246,0.03146725629685971,0.22551152880292055,88.47023530023145,1.0323366114657682,15.754366664033075,0.4687403092332968,0.8237178790190964,4
12,27,0.3,20,6,1.0,1.0,32994.978687214614,8.467536705000002,169.35073410000004,27.0,901,20,22,5,0.5103087370335069,0.19099732870967426,0.09237920700951403,0.44828597411512816,49.75113120484195,1.0050924902745586,11.935034166448249,4.028169098475613,2.0723209499251745,6
11,13,0.0,20,0,7,7.0,61768.6530952381,8.582467124999997,171.64934249999996,-21.0,385,20,41,5,0.41934492504492216,0.08951854161158773,0.11011935089204068,0.35269049626392035,45.321698173944675,0.9163633565716607,13.22278965517524,4.5559941485567235,1.9646140201398667,5
10,29,0.1,20,2,2.5,4.0,114395.7657051282,8.643146075000002,172.86292150000006,2.5,498,20,34,5,0.6623000492584543,0.0689005121238683,0.12954503745951004,0.29213179263743194,95.70689002415241,1.395897246857161,7.295140398267572,2.793642473760025,1.9232803759296173,4
16,21,0.15,20,3,1.6666666666666667,2.0,92765.1440724677,4.328100379999995,86.5620075999999,10.0,886,20,10,3,0.46453147890248414,0.2888920173811949,0.13865901608126965,0.22978755342870866,98.16997315434162,1.190853570641909,19.812919147142786,4.272936862261229,1.9372151278011176,3
14,16,0.4,20,8,1.25,1.0,80795.07708333334,8.748331755000002,174.96663510000005,36.25,1156,20,20,6,0.5502144664171509,0.2744431106412415,0.04221125773043085,0.27713642733367894,53.75203678904043,0.5470318651472919,4.341416317109511,2.3451518949313757,1.636954240423028,6
2,10,0.3,20,6,1.1666666666666667,1.0,48228.5355,10.751037084999998,215.02074169999997,26.5,815,20,32,5,0.6068373553704269,0.26242470948916974,0.14433182307033648,0.3545957147876492,51.74361913245837,1.3594613631277266,8.648435293148804,4.6298972800286045,1.9475392868062391,4
6,27,0.15,20,3,1.6666666666666667,1.0,6494.084177460232,11.75656078999999,235.13121579999978,10.0,719,20,33,5,0.6113999561017947,0.1761607389514411,0.13273129541764023,0.44160198819087426,62.70607295670989,0.8997104972583881,2.1344932402604457,4.558840503988381,2.4688481248009233,3
22,12,0.4,20,8,1.25,1.0,57237.8554255319,4.996487675000003,99.92975350000006,36.25,455,20,29,2,0.4671096899983628,0.1912859571694785,0.04718256267278539,0.3646910379536762,53.924391398761976,1.1723439939822287,10.58454441093009,3.417414031370364,2.706905788413894,5
4,21,0.3,20,6,1.5,1.0,54882.25694444445,13.873370555,277.4674111,25.5,658,20,49,4,0.8863675685852935,0.06079899276978152,0.09877959865134484,0.17310615065167878,54.142202738630075,1.79032095278725,3.51403054774526,2.817940990252929,0.368560499541425,3
20,14,0.05,20,1,2.0,2.0,59526.23014272639,5.718213415000003,114.36426830000005,-1.0,700,20,14,6,0.7391445257633944,0.20284140325708883,0.03492439250611168,0.3982162665896084,28.488882068218732,1.5585635198490733,8.95852348228357,3.855274990992222,2.840109529479151,3
5,19,0.1,20,2,2.0,2.0,143083.52055555553,14.544895344999997,290.89790689999995,4.0,953,20,29,4,0.7006914944199195,0.19518973026810255,0.11326660911304703,0.33681797222864496,53.954849346697976,0.5203467281267458,4.706779076806403,2.4682090444875584,2.3547512414520444,6
18,27,0.15,20,3,1.6666666666666667,1.0,117186.23551328504,8.353631280000002,167.07262560000004,10.0,1310,20,13,3,0.9857305883378618,0.09498494815385693,0.08918921312664148,0.46007796129409306,51.41872414206123,0.9951999873013184,13.426542657191936,2.0446486758829088,1.4342884638309448,4
26,21,0.3,20,6,2.0,1.0,85579.78148148148,3.154225940000006,63.084518800000126,24.0,318,20,21,2,0.7801838029382324,0.1213334144884795,0.057817976031894314,0.301766651949144,90.13446907133226,1.0216391805024492,5.007006871490378,4.073772807560998,0.13745320802298644,5
24,30,0.15,20,3,1.3333333333333333,1.0,61296.49896428571,4.432416714999991,88.64833429999982,11.0,527,20,16,4,0.503414006903847,0.2566484788734985,0.10486151676827699,0.2505738293517892,55.73416036018916,0.9748000773457581,9.961069966538435,0.19452958889950978,1.816651308668519,3
19,26,0.25,20,5,2.2,2.0,103868.03066666666,9.338050610000002,186.76101220000004,18.4,1029,20,19,4,0.6125531751824491,0.28640747581880355,0.12900952906385335,0.42348300131584404,16.049353480791158,1.353048115985192,4.6057033160408505,0.5499603462503769,1.3165999202308472,4
8,26,0.15,20,3,1.0,1.0,104575.6161895987,16.218620610000006,324.3724122000001,12.0,716,20,45,5,0.46109918364706143,0.019250016290666166,0.04334178610805369,0.3125341268226356,80.39139246701369,0.7482311974416849,7.386231666365398,1.0964176640694292,1.2235210699999444,6
17,16,0.2,20,4,1.0,1.0,87710.17553751802,12.739053029999997,254.78106059999993,17.0,711,20,39,4,0.7087154780650484,0.2928862032219813,0.0391959147255979,0.16247060268124983,78.17721972843479,0.9086528014468478,4.10810255818963,3.070726847049698,2.05560577409576,5
30,25,0.15,20,3,2.3333333333333335,1.0,144260.8089721404,4.462190980000008,89.24381960000017,8.0,875,20,10,3,0.9329838725643633,0.03336039732287741,0.05643361346275523,0.31003644191860713,10.55098841429213,1.4424621837274665,10.37698045099899,4.4424854208262525,1.1006278132140812,5
27,24,0.35,20,7,1.2857142857142858,1.0,116761.57212885152,6.754641030000005,135.0928206000001,31.142857142857142,468,20,39,5,0.825354650491581,0.09246522342593104,0.12021494272159622,0.32982267175340196,83.19006012161744,1.6602540868695446,2.8071784338950945,3.919252666996507,2.1677653296145025,4
28,14,0.2,20,4,1.0,1.0,14917.991661827331,7.256737900000002,145.13475800000003,17.0,943,20,16,5,0.8956848690658687,0.1826564031140096,0.07378800645868143,0.15758665731854596,95.82154811903233,1.608396650434452,6.981383099687417,4.118751572254346,1.444578638028972,5
21,17,0.3,20,6,1.5,1.0,55548.89611111111,12.653888084999997,253.07776169999994,25.5,676,20,44,3,0.4595072104915833,0.23149084827600427,0.051853867299078246,0.4797440361291686,12.262629765666476,1.886269401443156,15.72977793351678,2.026051555324693,1.963010555273708,4
15,21,0.25,20,5,1.0,1.0,43512.23815018315,19.809655889999995,396.19311779999987,22.0,909,20,50,6,0.4444006324769851,0.19935404300489795,0.104106194959807,0.3214010924761653,49.53364906399361,1.7517174082619968,5.422925428497486,2.1442854548202246,1.9263782648283885,6
37,14,0.45,20,9,1.8888888888888888,1.0,114145.75416666668,3.984849724999981,79.69699449999962,39.333333333333336,467,20,23,3,0.5987350938677906,0.13178639528150976,0.05172705640477765,0.18754269770487106,54.87749705229894,1.1111695029651723,18.331326337802025,3.09123353645477,0.5653238673856789,6
31,13,0.35,20,7,1.0,1.0,44305.03781746032,12.416967645,248.3393529,32.0,1415,20,23,3,0.9251157452082857,0.15857465605836535,0.10773936945764463,0.34657779237039565,70.91971279157286,1.4683059270110446,4.690499325911164,3.3879020806861964,2.9052852436084358,6
32,27,0.15,20,3,1.3333333333333333,1.0,129209.24212100523,13.79198792999999,275.8397585999998,11.0,595,20,50,2,0.4106999648165849,0.15263240690682123,0.12449461399065645,0.14864789130381426,81.15207691554488,0.6147202866907882,15.415366658446091,2.1017936416291008,2.4787809504610134,5
29,30,0.5,20,10,1.0,1.0,186532.59979288274,14.797794099999999,295.955882,47.0,925,20,49,6,0.47701052619912965,0.15643853180252537,0.022640390559819618,0.47815804447725885,91.60402781874139,1.7005265298511691,4.865672417061809,1.403781275260392,0.14575050444048465,3
35,30,0.2,20,4,1.75,1.0,107569.55833333335,13.20573336499999,264.1146672999998,14.75,610,20,46,6,0.8413767558103151,0.06271025990260226,0.06480924805204763,0.4185240709726462,75.92753195884661,0.5157562846085786,19.88107162475247,0.809710744426571,2.9799790708013685,4
36,29,0.15,20,3,1.0,1.0,95347.77142857143,11.80004946999999,236.0009893999998,12.0,1037,20,23,5,0.4441225077091686,0.03283434665310654,0.06395615000669334,0.1846078128753432,74.14146197583328,1.259858198133209,15.458966920967804,0.9894072106204328,0.7697652602230287,3
34,25,0.1,20,2,1.0,1.0,106411.18913641362,14.287648835000002,285.75297670000003,7.0,678,20,43,5,0.48226195770679325,0.24800573835142536,0.10605797052716583,0.16874863300123116,67.05976377286228,1.939476658153004,19.434724819426435,1.1857489042254428,2.1757909674353915,3
42,15,0.4,20,8,1.25,1.0,90399.27711485422,7.289310020000022,145.78620040000044,36.25,482,20,42,2,0.7823416217063424,0.17087604366078568,0.08079117897180434,0.3587800319030794,72.84198077630901,0.988635343185452,19.40975983791622,3.3966733260009265,2.5070940519396414,6
23,16,0.25,20,5,1.8,1.0,210044.7111111111,23.07584589500001,461.51691790000024,19.6,1187,20,45,2,0.5166934180176759,0.15594938378059955,0.14408315156313306,0.33881466928444737,11.966752111288969,0.6397571303299188,10.719840527758302,0.23985099282470493,2.422191004230104,4
43,24,0.3,20,6,1.5,1.0,189555.18898100834,5.305825365000004,106.11650730000008,25.5,993,20,12,5,0.5570099969695613,0.17578905801956005,0.09304180972167848,0.4094053177457172,99.38969659683661,1.6839528068095773,2.639053958690745,2.8208777237224942,2.186351761681836,5
45,29,0.05,20,1,2.0,2.0,48613.414673913045,3.8179006749999926,76.35801349999986,-1.0,465,20,15,6,0.7270413130383722,0.09431652994116922,0.07449038195316045,0.218396891075817,12.083960937308191,1.0408340267238765,5.291001571067971,2.5965724832910313,2.9922662182742696,4
25,12,0.2,20,4,1.25,1.0,81157.26985626102,22.697222615000015,453.9444523000003,16.25,1128,20,43,2,0.474322993222677,0.27252201840152823,0.08206927953929707,0.1362493245221295,93.83529308122247,1.5055885632237342,16.12960315095574,4.29947493326302,0.7215407251339383,4
47,25,0.05,20,1,1.0,1.0,19528.037334656085,4.357718649999993,87.15437299999985,2.0,485,20,17,6,0.4630377073505044,0.13179188128298483,0.05008778431750091,0.361311238444871,59.11313108509869,0.6576797813106157,6.380246896672274,2.2783697986565676,1.7199414202602468,3
46,18,0.0,20,0,7,7.0,37732.06132774036,5.692466494999979,113.84932989999959,-21.0,313,20,34,3,0.834663695142351,0.22136418769145877,0.017005036306043282,0.4161133383606067,61.01577434357986,1.0864853279271025,18.708252820975833,1.133354879265884,2.5424257309672296,4
41,10,0.1,20,2,1.0,1.0,156545.68412659667,13.202881774999998,264.05763549999995,7.0,799,20,34,2,0.3985037800942962,0.1307054241976513,0.08419678264974052,0.2324832316461671,86.05199904496165,0.7382553147166362,18.180678873468914,2.3284037841808862,1.168435110594364,5
38,29,0.3,20,6,1.0,1.0,88490.903125,16.34251457,326.85029139999995,27.0,1444,20,27,4,0.9764237618293973,0.21095923005361605,0.07543869270162067,0.28222325311232643,97.49267930868187,1.9367608576895272,15.252251576770952,0.7768111526095948,1.4790701396384818,3
33,10,0.15,20,3,1.3333333333333333,1.0,67429.57033253675,23.653905564999995,473.07811129999993,11.0,1120,20,45,3,0.3620428137836275,0.24516185301695678,0.14369292436516576,0.3505525236751822,43.47782805176902,0.9385243124301996,14.062634336955876,3.760010667572859,2.2949237267877507,3
48,14,0.25,20,5,1.6,1.0,119404.07883869442,9.791914944999991,195.8382988999998,20.2,1327,20,17,5,0.6607711079388736,0.08483385893013443,0.13798520257728542,0.3022301265260019,44.03931481730487,1.9812297719909102,3.0490655987628337,4.979367846159616,2.171561591853024,4
44,18,0.3,20,6,1.6666666666666667,2.0,113588.57164372034,11.544034174999997,230.88068349999992,25.0,554,20,49,4,0.5305222353063562,0.10437486902036007,0.12390485979544298,0.10450597582785748,47.65508648555171,1.5647323142030494,6.024384055251666,1.7231322996972251,1.5183272894851703,6
51,12,0.1,20,2,1.0,1.0,51442.88126582278,8.692980494999995,173.8596098999999,7.0,394,20,44,5,0.6659143575921121,0.2816425700744509,0.06779338343117618,0.4030862734010273,16.33899076684731,0.7568004852260615,8.244026775385162,2.262299889677845,1.777301661059658,6
56,14,0.2,20,4,2.75,3.0,78530.48572202565,5.109984865000018,102.19969730000037,11.75,416,20,25,5,0.6949756361394782,0.21637398362201382,0.04863101678813948,0.181346303082464,32.85769078327526,1.9869612759519042,2.221828936058274,4.386714752992046,0.20788571762542807,6
54,14,0.3,20,6,2.5,2.0,112967.19825757574,8.700346724999992,174.00693449999983,22.5,379,20,50,5,0.7740785234087426,0.11363219926383841,0.014692377565570418,0.3427877273642398,80.45211192525021,1.5556899974472793,11.1339854202096,0.32205625001149785,1.4323953318519478,5
53,13,0.3,20,6,2.1666666666666665,2.0,175966.30665969153,10.114859889999991,202.29719779999982,23.5,623,20,39,3,0.9873603623224051,0.028682381409414662,0.08247266021944398,0.474182563224823,22.460807030442105,0.8588678410051962,8.565197979394188,3.237328701259358,2.3071354867841523,6
50,18,0.2,20,4,1.25,1.0,95004.24916666668,13.343613325000002,266.8722665,16.25,615,20,49,3,0.35968838181665774,0.20126548756210597,0.11138495561748887,0.3315388921883742,67.31783962087076,1.5236595244035396,7.175429948823202,2.801583519523106,2.629475211663064,3
39,12,0.35,20,7,2.142857142857143,2.0,11271.81893939394,24.569237145000006,491.3847429000001,28.57142857142857,1478,20,40,4,0.47218600242766384,0.2112312318433081,0.02711836711953132,0.49436802049893824,19.77888792606855,0.7810623260005026,2.0339512471564327,1.2600449133155311,0.30638643351201655,3
58,25,0.2,20,4,1.0,1.0,161469.5193919828,7.110561644999985,142.2112328999997,17.0,1188,20,13,5,0.42042995808875133,0.11139746772997439,0.02254651873720205,0.47048860324956776,25.02756194390024,0.5757575161069697,6.419044612751816,3.6617585438203903,2.4989445023210104,6
40,10,0.2,20,4,2.0,1.0,137790.53245472244,25.94862713499999,518.9725426999998,14.0,1288,20,43,5,0.766497927026653,0.19309633347395705,0.1263959876699294,0.2962748984645138,85.47881271230555,1.4049344221470261,12.409937007747157,4.05518094718683,2.1912339787130812,5
52,10,0.2,20,4,1.25,1.0,157612.20285573122,16.799937700000005,335.9987540000001,16.25,1072,20,35,2,0.9020211647166803,0.21476488249227751,0.1425282388172796,0.12697219591515796,14.64404920054019,0.9687217823621355,19.003270385440402,0.5132362833648615,2.384402509481036,4
57,26,0.2,20,4,1.0,1.0,98320.55536464696,14.695914989999983,293.91829979999966,17.0,1185,20,27,3,0.8329619471389376,0.07430061743414551,0.014587230355372339,0.13821065258820353,83.0247825042443,1.4494677625902972,15.47714758921611,0.8184141557040577,1.16765892458575,6
66,23,0.2,20,4,1.5,1.0,50453.42915750916,6.130608719999975,122.6121743999995,15.5,425,20,32,3,0.48356685009239164,0.24257345745409087,0.0760744350334922,0.12557482086325136,35.672140530946905,0.6979134786856962,18.250841429904288,3.627413517842201,2.66657844199029,6
64,28,0.25,20,5,1.6,1.0,112432.0142,9.014919900000024,180.29839800000047,20.2,857,20,23,3,0.9450872876519926,0.17348959102941625,0.01431212458167711,0.2876746317156367,13.821083721627163,0.9213626359987319,2.9096553042808004,3.3796230575060537,1.3399434018072367,6
55,20,0.35,20,7,1.7142857142857142,1.0,90400.29476268412,18.283516160000016,365.6703232000003,29.857142857142858,1391,20,32,6,0.5685956412716703,0.2715821403863046,0.13995276953461983,0.41050919721620227,13.382767011975567,1.1148700488015453,2.9385938103835203,3.899951910874225,0.18965416419875292,4
62,15,0.25,20,5,1.0,1.0,138657.1038095238,12.341655794999975,246.83311589999948,22.0,587,20,50,6,0.5846059322111417,0.025430165984902678,0.09662165915755122,0.4526322635858694,35.36622535757414,1.2009328730445106,6.431283572222537,0.6361072284418934,1.7521613660203132,6
61,14,0.3,20,6,1.0,1.0,41265.968879901964,15.197008830000033,303.94017660000065,27.0,779,20,49,2,0.9155490610805495,0.2570505745118712,0.13523042704286573,0.3007911702678193,22.58620273666911,1.2344986968594243,18.020134072703254,3.2485756032096638,0.27041305006774796,6
49,21,0.1,20,2,1.5,2.0,7135.931333594608,28.02519076999996,560.5038153999992,5.5,1249,20,45,2,0.4813912045145575,0.17576698525121656,0.12319357592982304,0.240279388148544,28.51632606199961,1.0288943369820127,8.783184359025974,4.665130857680771,0.7213877068756247,4
73,13,0.3,20,6,2.6666666666666665,2.0,12092.952938664597,5.60918609499995,112.183721899999,22.0,518,20,24,2,0.7373885003746594,0.295920077275269,0.016711515168531126,0.3605382701894143,92.75231041548477,1.909673801945187,5.369558666638151,2.783580720817671,0.4972197226586691,5
67,18,0.2,20,4,1.0,1.0,54740.362901348984,13.913466134999998,278.2693227,17.0,701,20,43,5,0.8215856762642149,0.14791908340873663,0.031827578459954625,0.267375142050191,80.18073119949912,0.9889197948092315,19.252699156466722,4.226616056143182,1.4356082766306193,3
70,14,0.2,20,4,1.0,1.0,72593.69444444445,8.465346060000025,169.3069212000005,17.0,1234,20,15,2,0.7317067215103845,0.09465220553240176,0.13550563509594185,0.1931094559087074,97.2437898866704,1.5472176819421155,17.08539435790319,3.8582734672284107,0.9564501317027616,3
65,22,0.35,20,7,1.0,1.0,112223.61778416515,14.269178870000008,285.38357740000015,32.0,950,20,39,6,0.39203263195635873,0.10524234337195576,0.11745755412172654,0.41103065645398906,42.6972340267015,1.3840533216377056,16.22767232414207,4.506934567686492,0.8465236298152179,6
59,22,0.45,20,9,1.5555555555555556,1.0,191426.80354129494,20.567679590000004,411.3535918000001,40.333333333333336,1207,20,45,5,0.8490679465428903,0.12988199269479575,0.037134253753056394,0.41837772724740596,44.671234391036656,1.8156691816426842,11.713604744034308,3.335454578473261,0.3168932557684595,3
69,10,0.25,20,5,1.2,1.0,142749.85646398453,12.626940759999979,252.5388151999996,21.4,973,20,29,6,0.6312274831594834,0.295504165102217,0.05666262039517567,0.41748222061455675,44.646543879867025,1.2635211717196562,10.706755417341677,1.1902392884902675,2.5927845613753604,5
63,30,0.2,20,4,1.25,1.0,135869.25664917944,19.593296894999988,391.8659378999997,16.25,1033,20,42,5,0.9455006061276469,0.26061644561497227,0.1255719711252704,0.2883478260070246,89.83102070191535,1.0353917921763491,7.721583303444759,0.7921005115128427,1.4213868620242982,3
60,18,0.3,20,6,1.0,1.0,174666.9982142857,23.020454944999965,460.4090988999993,27.0,1246,20,47,2,0.9963711860084062,0.2850460297599375,0.0312904890435454,0.4544445389747761,25.31964120492936,0.7647326977779445,9.8368825407111,2.444558533093088,2.9050648583676812,6
81,28,0.2,20,4,1.5,2.0,171052.11916666667,4.38308118,87.66162359999998,15.5,558,20,17,6,0.9779228883329371,0.13336185784458332,0.12969017943025676,0.1264710623685631,32.42156279638745,1.8779186194035171,16.72358836811738,1.2267893601610993,2.4788226275677965,4
71,25,0.45,20,9,1.1111111111111112,1.0,94482.83009479717,13.590076720000003,271.80153440000004,41.666666666666664,991,20,41,2,0.3626601754605735,0.18735828702663593,0.07670623477710037,0.2442745445378236,97.6028868848395,0.8960524713725189,7.014150562107294,4.687520181642286,1.8739909186441688,6
72,20,0.1,20,2,3.5,5.0,69568.54027777779,13.388618224999993,267.77236449999987,-0.5,881,20,30,3,0.9535179098843812,0.08336611171771434,0.022815048330509936,0.3463841739418899,13.025784319795495,1.4113923561307216,7.650503616329136,4.879518227196185,2.266665101920438,3
68,18,0.3,20,6,1.8333333333333333,2.0,111879.93452380951,19.19902711499999,383.9805422999998,24.5,1197,20,39,2,0.6801390507945504,0.29582789471582915,0.14170964199848918,0.47854558575318673,23.639277563224407,1.4660057813342267,14.72421494559698,2.7060897032551,2.333673588488124,5
82,18,0.15,20,3,2.0,1.0,46245.34851703122,4.162068840000018,83.24137680000035,9.0,339,20,25,3,0.7598039399403419,0.15744342130480785,0.14120169100904098,0.4867373567538703,75.40328611250524,1.8188539665291792,9.348208350212118,3.485600465899183,2.5965543334623655,4
77,28,0.2,20,4,1.5,1.0,106519.33379120877,7.6854159050000135,153.70831810000027,15.5,509,20,33,5,0.8485593248776389,0.11242474471603783,0.14275345054374375,0.10153712806937804,62.56784750005526,1.2574758231156562,7.046057166588689,0.8494487645660787,1.9350281416304234,3
83,28,0.25,20,5,1.6,1.0,59736.30670238094,5.340033864999998,106.80067729999996,20.2,539,20,22,4,0.6309750775832085,0.22146374117683265,0.01535730535324255,0.26609765281676967,50.00056015911964,1.1744949199777932,11.229955967567143,3.3649323776674156,0.20795097787861383,5
79,13,0.25,20,5,2.0,1.0,117134.11155555556,7.963780780000002,159.27561560000004,19.0,492,20,37,2,0.8422024957507384,0.06181930240346174,0.08623364435345715,0.11376574162806148,77.16162500990724,1.7770291470763817,2.943329992246827,4.2608278473112415,2.4319154645004524,4
85,19,0.1,20,2,1.5,2.0,39536.041109750564,6.075353939999945,121.50707879999891,5.5,317,20,39,2,0.5706109405171038,0.24306610496267567,0.13339630061127947,0.4850523342649382,43.00771146368383,1.1013690466958828,2.899774213735146,3.251635005033383,1.7907842685924709,5
84,18,0.05,20,1,1.0,1.0,103827.53732644409,9.030612515000007,180.61225030000014,2.0,459,20,38,4,0.9081143377361094,0.15154596730755776,0.04517074275732634,0.4995102090691155,87.1594094533962,1.7941750967608052,6.661246533889249,0.14181707005153482,1.9926365680172673,4
93,28,0.2,20,4,2.0,1.0,114498.68164303564,1.881314840000016,37.62629680000032,14.0,353,20,11,3,0.39286712472106394,0.07947914535933445,0.03084312845126909,0.18968353550559894,69.80293269850854,1.6309984273821094,18.91138894566253,4.192750897368358,0.7012863887509445,3
86,20,0.35,20,7,1.0,1.0,87591.27969337671,8.207049575000008,164.14099150000015,32.0,662,20,33,3,0.5154463962196705,0.0423129129553549,0.13500434395244373,0.2408482764469822,87.3114638296439,0.8515113181009981,4.969541692132462,4.307798756854821,0.8030320044805582,6
75,19,0.3,20,6,1.3333333333333333,1.0,99973.09188767373,17.38932866500004,347.7865733000008,26.0,1173,20,36,3,0.6419214146204283,0.24351994111819517,0.1433812545427051,0.1885096416770849,10.338153559109685,1.5762990925728184,6.595954785514752,1.9179646725708552,0.2839852367068221,4
88,12,0.3,20,6,1.1666666666666667,1.0,126684.93220466185,8.496420769999975,169.9284153999995,26.5,1420,20,14,6,0.7826824015597384,0.1617058884979364,0.14820758260725,0.3737474356583086,47.267431386321206,1.3227145276080658,6.650055438690612,3.0620813666495,1.3140976449158464,3
89,20,0.05,20,1,1.0,1.0,2850.8341772251033,9.504907115000037,190.09814230000075,2.0,1276,20,14,3,0.7391206031342187,0.0989900604911549,0.09091324316847839,0.41074853601346806,80.73516114231516,0.9420718065806406,10.072710625208854,2.859200809605594,1.858058707504311,3
92,11,0.4,20,8,2.75,3.0,181740.62758333335,8.920639860000017,178.41279720000034,31.75,693,20,31,3,0.6207250467985422,0.2743294600826923,0.14553603768778997,0.17352657278047837,39.23671343811188,1.89665957411615,11.558880684383249,4.720855366554509,0.958111638683965,6
90,18,0.35,20,7,1.1428571428571428,1.0,163351.67410714287,10.72989406500003,214.5978813000006,31.571428571428573,856,20,32,3,0.8945659236890636,0.22313136751757542,0.05444630802611414,0.27948945060489305,35.89895048272106,1.5719451384256047,14.666123420573122,3.632627960195417,0.3473321454978403,5
74,18,0.35,20,7,1.2857142857142858,1.0,59993.33127380952,24.36622673000003,487.32453460000056,31.142857142857142,1422,20,44,4,0.5973515731947445,0.08907818138327811,0.14083964878778096,0.48776151940889734,41.77494120251041,0.627179809405077,18.569271094915457,4.072799352194922,0.36843196893832364,6
76,16,0.2,20,4,1.25,1.0,106188.82206521738,20.546522984999957,410.9304596999991,16.25,1243,20,36,6,0.708187445089514,0.13183166709294086,0.019441820246057884,0.14621740043085124,40.671867766621546,0.7388324296789597,3.717961599150156,4.964424459524599,1.2552174456035456,3
94,13,0.1,20,2,1.0,1.0,44594.05871794872,6.714395185000001,134.28790370000002,7.0,950,20,14,3,0.88008391022836,0.09551860608203626,0.049419072940694295,0.28918013813717525,59.758130090712676,0.7685476933654644,17.562454548740906,3.5465778552198417,2.900775670302078,3
95,18,0.25,20,5,1.2,1.0,42646.76076388889,7.1449617799999485,142.89923559999897,21.4,733,20,21,6,0.8263223571846752,0.24374497700879683,0.13339117413103946,0.4338244654630642,61.38188507445346,1.7423947792825096,2.203027209848935,2.275975645676939,1.2155907480421644,3
97,15,0.3,20,6,1.5,1.0,90908.66111111111,6.83040947500001,136.6081895000002,25.5,694,20,22,6,0.8684188938200464,0.17474944570801798,0.02670203765170647,0.1518844920793339,43.282471519353024,1.7133729394478414,15.425484782642144,1.6474503784509236,0.9982989709232765,3
87,25,0.05,20,1,1.0,1.0,119119.14196144177,15.041641019999997,300.83282039999995,2.0,686,20,43,5,0.9760594270522094,0.017800573571777945,0.014004951833611612,0.2729523477778276,15.49512842667662,0.5352869210777857,12.079902990044328,3.3640549206570878,2.491336462685269,3
98,29,0.2,20,4,2.5,3.0,114971.75092857142,8.060140925000008,161.20281850000015,12.5,1385,20,12,2,0.5151385453385285,0.272648930633416,0.07271719062960574,0.4763374772184277,37.3480501623735,0.9152895643331316,17.32025505703797,4.314005547978456,1.3289528496187124,3
101,29,0.15,20,3,2.6666666666666665,2.0,23987.075718111784,6.088487399999974,121.76974799999948,7.0,321,20,37,5,0.6638890821211614,0.020595683436632647,0.010436533450777184,0.16042933206016585,46.899366478190174,0.8808198808497427,2.6748633707141662,1.240086595312967,2.116702032641802,6
103,22,0.35,20,7,2.142857142857143,2.0,187046.32471601182,5.522632295000017,110.45264590000033,28.57142857142857,352,20,39,2,0.6645645988626032,0.09583466758757307,0.11456993939993916,0.2659418122054813,59.498280464258926,0.6305584544624785,14.352307579930196,4.711076253087541,0.3626800623756552,6
80,24,0.3,20,6,1.1666666666666667,1.0,112504.36101190475,24.604225919999976,492.0845183999995,26.5,1320,20,46,5,0.3521732398353374,0.26015769336381644,0.13473252049688814,0.18928808817648457,75.13074314877277,1.809090459804115,12.559295557734648,1.4582471469276068,0.7133780378580776,5
106,25,0.25,20,5,1.2,1.0,55886.90847758406,4.516428854999981,90.32857709999962,21.4,364,20,29,3,0.49908278043600934,0.2172848602991021,0.08301857613037239,0.3036283618849335,30.19831848221008,1.366435661068719,9.338556601421825,3.3935676931206507,0.07305139293268048,5
104,25,0.15,20,3,2.6666666666666665,2.0,106288.80537888539,6.200768550000044,124.01537100000087,7.0,818,20,15,2,0.6272931242647621,0.14496473478906982,0.05112121573789455,0.36780256126076916,71.78659673262638,1.293366802065304,19.069646148686978,0.8353126446359591,1.455579693777485,6
91,25,0.15,20,3,1.3333333333333333,1.0,195810.76180555555,17.70144823999999,354.0289647999998,11.0,779,20,48,6,0.6045355649697237,0.03196159651746943,0.042790465120458636,0.11863330366824298,43.1145686880788,1.2664010162837096,16.869562078755685,4.521699098962454,2.490762177789383,3
107,11,0.1,20,2,3.0,5.0,77133.20416666666,8.33260641500001,166.6521283000002,1.0,695,20,24,2,0.8285127618579038,0.07177603491186228,0.022349280446414065,0.4894881496456369,91.49602618868246,1.2967773643757468,16.122059845713217,3.946351218162985,1.4594299872390106,3
110,11,0.4,20,8,1.875,1.0,154002.09058659754,6.593280219999974,131.86560439999948,34.375,769,20,22,3,0.8477162259326978,0.06803908857015577,0.013667533991351741,0.2474064715213908,45.18869042281384,1.901448083302685,14.875621660935499,1.2311059977406658,2.379800124796566,6
111,23,0.15,20,3,1.0,1.0,163909.51724152235,9.754738205000024,195.09476410000048,12.0,490,20,43,6,0.6197022736038934,0.08685465588297503,0.13209964535839172,0.1935880192539944,94.31087560727576,0.6705837692064935,7.874330201366193,1.7385384253717668,2.4971613308321867,5
116,29,0.25,20,5,1.0,1.0,54516.24166666666,3.915085855000018,78.30171710000036,22.0,702,20,13,2,0.5114040029425523,0.05185553540285896,0.09900762916759362,0.10343017855974349,71.964095874712,0.7533448310731375,16.84083629961757,4.231060514247237,2.432674874021582,5
78,19,0.1,20,2,1.5,2.0,29243.2565126148,35.05941429000002,701.1882858000004,5.5,1445,20,49,2,0.6609318117066354,0.22072940763917087,0.050697984747494776,0.2738255858620027,32.86646692863906,0.6834420582068912,10.36535389577078,3.6258396117697234,2.4586093079522007,3
108,12,0.25,20,5,1.0,1.0,43481.239424603176,12.46758817499998,249.3517634999996,22.0,1018,20,28,3,0.39510422629763287,0.14470111961391044,0.1009445622862553,0.14689214055098115,73.42244569204935,1.7972292622390673,11.42805008722724,2.508063180013004,0.33697675020144446,3
105,25,0.25,20,5,2.0,1.0,100349.7763888889,17.094388224999978,341.88776449999955,19.0,895,20,42,6,0.5964158655067023,0.16395775479398011,0.1172461180915951,0.1156905481236394,66.96942507690991,0.7073750614687051,15.367027613090576,3.4013745757476577,0.024628269837868255,3
109,23,0.4,20,8,1.625,1.0,82374.8455982906,14.520055410000031,290.40110820000064,35.125,1405,20,26,5,0.9678571061280955,0.2834429508327362,0.017325994468812896,0.1682171877678198,23.33764475652643,1.379781880162054,2.9081396404871627,0.8033486579409501,0.5922765866100702,4
96,13,0.15,20,3,1.0,1.0,76473.66527777778,25.33625222500003,506.72504450000065,12.0,1396,20,39,2,0.7955317697715139,0.18400135647118948,0.042273631289587624,0.4287970483081297,16.60406503083221,1.1839675961952707,8.048756411217614,1.6385103811099155,2.4829990249817158,3
100,12,0.25,20,5,1.0,1.0,51462.88652777778,22.40681004999998,448.1362009999996,22.0,1072,20,48,3,0.8033898303861879,0.21682130550100345,0.013817989623520205,0.4108434803192058,22.917482989087624,0.714178052052406,2.3053831363583575,4.965750256226737,0.8430700050393098,6
119,26,0.2,20,4,2.25,2.0,139882.3534847066,5.512437870000042,110.24875740000084,13.25,324,20,37,3,0.5296243803358598,0.08478522937141318,0.01056602001113365,0.28543056296818226,51.85136394360133,1.6048524558723503,6.0376000525669955,3.3918643049393915,2.689405738438788,4
122,16,0.3,20,6,2.6666666666666665,3.0,83806.97264914787,3.5980312450000382,71.96062490000077,22.0,323,20,25,3,0.7553412222942867,0.2974976839293743,0.10231755239432111,0.3305895833240826,20.00389858647573,1.7707531904084406,4.7397664942136934,3.6164076586307767,1.7232980261487936,4
123,21,0.25,20,5,1.0,1.0,82253.53392281,2.701229989999979,54.02459979999958,22.0,611,20,10,5,0.3789510810882382,0.10625962279898679,0.08955606163421642,0.38185250990119657,97.05380075314464,0.8258992923438471,12.120092426594134,2.312630294313323,1.5158346870634754,5
112,11,0.3,20,6,1.0,1.0,94750.02625,16.67982252500001,333.5964505000002,27.0,1254,20,32,6,0.3591374226150007,0.21734566386267318,0.07637561516120224,0.42667104627092445,89.80087445855827,0.6079347678500961,6.174838018728775,0.5995039330318146,2.9039626899549047,6
118,22,0.25,20,5,1.2,1.0,77266.49010416666,7.8728581899999766,157.45716379999953,21.4,714,20,25,5,0.8921606097149699,0.15922568834380363,0.14557763160256398,0.3249693125430272,55.7426854419122,1.4080954998857251,12.453404232333124,1.1609674184229313,1.5816549116598788,6
121,23,0.1,20,2,2.0,3.0,148711.57911111112,6.947961229999919,138.95922459999838,4.0,601,20,24,3,0.9835308125837725,0.10528884941106874,0.05762044519721031,0.3970097704196801,23.183767300281474,1.647737804840315,5.245506113481362,1.7162013889722398,2.0943927866635197,3
129,28,0.25,20,5,1.8,1.0,43121.696283783785,2.952680210000062,59.053604200001246,19.6,356,20,18,4,0.9029152217857537,0.20568326952868,0.05686307487714695,0.27916437769097624,32.637467419572324,0.5566917385584715,18.525430116231565,3.465449238851197,0.5052623226816214,5
120,22,0.3,20,6,1.1666666666666667,1.0,45666.12721801347,10.313069235000034,206.2613847000007,26.5,767,20,32,6,0.5318664327760616,0.2536998088414745,0.13714806046208367,0.18738707321798598,62.77320894800689,0.6499895931353137,10.874754841229482,3.3726315100981648,0.01751400877515097,5
124,22,0.5,20,10,1.7,1.0,177817.62708333335,6.694216005000044,133.88432010000088,44.9,662,20,30,6,0.8936832375664571,0.2329388572733355,0.1047468662462055,0.13070785446580171,79.44623057946667,0.5836479183201224,15.669111078863793,1.834147413889235,2.536160506347156,6
114,18,0.2,20,4,1.0,1.0,131779.2627557229,20.960669380000002,419.21338760000003,17.0,1365,20,35,5,0.37519592479398267,0.13594476277693726,0.08723711678969483,0.2880333790544816,50.0924713156034,0.7568435976331302,16.214086008185625,1.6364090436388996,2.82870041237131,4
99,26,0.15,20,3,1.0,1.0,49721.847045454546,32.681243020000025,653.6248604000004,12.0,1430,20,49,3,0.986174742521883,0.0488859365582536,0.0896210399691574,0.3640492225737283,62.2520466987935,1.0208569549147415,19.44962439828431,4.162770090659929,1.248436503748716,4
125,22,0.15,20,3,1.0,1.0,23095.702087746973,8.338319045000071,166.76638090000142,12.0,646,20,28,5,0.759464622404102,0.12277866458281544,0.10014240726434552,0.1233982152640894,40.3023287666345,1.8351242114846062,2.0013956839537848,3.730019881365343,2.073752474078993,3
117,12,0.4,20,8,1.5,1.0,183450.7768188201,14.74741451999995,294.948290399999,35.5,1016,20,38,6,0.8507842687672229,0.07305440705270069,0.04401401856439411,0.22223504411785672,19.99569825441575,0.6490158020297461,19.400176384764748,1.0773324801211153,2.1536913553011034,6
128,24,0.1,20,2,1.0,1.0,65122.35863095238,8.286514415000056,165.73028830000112,7.0,1009,20,16,5,0.7775120389315755,0.0907633869623712,0.09374116783931406,0.21638406766457724,59.91866764766994,0.7811591009585335,10.160060302306825,3.9593719109803063,2.2810815819921686,6
102,23,0.2,20,4,1.75,1.0,85671.84216417206,32.78014069000001,655.6028138000001,14.75,1447,20,47,5,0.5457430304344183,0.08604225402700301,0.08586918895531934,0.2937947553819955,68.53756801630712,1.8550225449405695,11.705721411711265,4.39568317476115,1.438696683011732,3
126,11,0.25,20,5,1.6,1.0,119380.56036267996,9.21844676000003,184.36893520000058,20.2,480,20,45,4,0.575958793713901,0.07919009817662692,0.05464464379333553,0.45538638152954625,44.84297173245708,1.0027651363260204,11.998263974693673,2.6094227131317913,2.3475018253710154,3
127,19,0.05,20,1,2.0,2.0,129868.53638804778,10.09335258499998,201.8670516999996,-1.0,1181,20,16,6,0.9886151001210483,0.0640468712129767,0.08173987989620228,0.36385133329477326,61.9017142813917,0.5214610025660118,12.54326372323444,3.5684937259283007,2.276583903263661,4
135,11,0.15,20,3,1.3333333333333333,1.0,130027.88837301587,3.2585939600000073,65.17187920000015,11.0,346,20,20,4,0.4852447421747894,0.13025503776376782,0.11338819072962242,0.10191133397545782,20.96120386923119,1.1887359459265152,5.924137195964758,2.204026597498857,1.7713163519764126,5
136,22,0.45,20,9,1.8888888888888888,1.0,21408.171099230112,3.315114660000063,66.30229320000126,39.333333333333336,864,20,10,2,0.44688831816566266,0.13971885828261799,0.03447586012398958,0.36764301801374555,25.30583548015071,1.57831391324678,5.93061403019603,4.2017642739782035,0.24746971190917433,6
115,23,0.35,20,7,1.1428571428571428,1.0,72575.91652809417,22.963298184999985,459.2659636999997,31.571428571428573,1212,20,48,6,0.35705782503727024,0.27675240837068565,0.11974258262044936,0.36361816530403157,82.81748382205306,1.4115727267549576,18.73587225865572,3.217326558737807,1.9029569471318761,6
133,21,0.25,20,5,1.8,1.0,61113.88434139785,6.575631729999986,131.51263459999973,19.6,360,20,41,6,0.8850002233107214,0.24864672559179138,0.020484112364500436,0.30471642321648185,11.96668831152037,1.4030796612988496,16.549391124073527,0.5278170937503383,0.7943012906073528,4
113,28,0.05,20,1,1.0,1.0,15462.890661231882,27.37083578999998,547.4167157999996,2.0,1450,20,36,3,0.4184296970498125,0.29675554638296425,0.09553960835682829,0.22350186488623938,21.083735842430883,0.9269772180045901,13.908281994427853,2.7802680119437286,1.979698909239569,4
132,14,0.1,20,2,1.0,1.0,151660.48333333334,6.922662685000001,138.4532537,7.0,780,20,18,4,0.920188543713414,0.030357572481747926,0.030952492174252076,0.48098956963178174,92.97120579771193,1.0143232144659087,16.766569992893075,1.3334986547705685,2.193966421360469,4
139,13,0.3,20,6,1.5,1.0,140830.99324404763,3.9549122100000433,79.09824420000086,25.5,409,20,23,3,0.7546622597401571,0.016949735122666842,0.10447621416944657,0.37007559265464196,84.24971104209926,1.843952067998826,8.007282375020658,0.7381407734537881,0.8082707915088149,3
146,18,0.4,20,8,1.75,1.0,254294.88075396823,2.5482878899999832,50.965757799999665,34.75,387,20,17,4,0.6656386011048432,0.24710624978841922,0.1256198734160712,0.19359532464991652,65.91610560405128,1.3594702075298049,8.567036867615066,4.002688696431381,0.38517740429469105,4
130,13,0.25,20,5,2.0,1.0,81613.94009006825,11.21283295000003,224.25665900000058,19.0,997,20,24,6,0.364143410063299,0.17597370552708214,0.06699020298447124,0.15111660364250132,14.270517013063088,1.3840665687635898,19.78809592009218,0.8733814967943399,1.1209214571998314,3
143,13,0.35,20,7,2.0,2.0,70146.72,5.0898378300000555,101.79675660000112,29.0,668,20,18,4,0.902133538222027,0.15240204509334015,0.04102115699081347,0.28293960249956485,45.03493716894038,0.7901073807001281,13.012798267802978,2.5713942793191675,0.07892119980136902,3
144,27,0.35,20,7,1.2857142857142858,1.0,57670.65416666666,4.934548519999931,98.6909703999986,31.142857142857142,644,20,19,4,0.9850615750842259,0.10599051750560144,0.07010867776076488,0.3302195699875867,15.09553466027285,0.5612294236760251,15.221421801426626,4.302661534021752,0.42902199827618703,6
147,14,0.2,20,4,1.25,1.0,59009.50107833785,5.9970796650000695,119.94159330000139,16.25,1123,20,11,5,0.6863114440702767,0.2301121217908562,0.10328681035154681,0.47660321567028585,63.69314910998652,1.532749986654918,6.390316319361193,4.530038668470124,1.253857982947585,4
149,23,0.35,20,7,1.1428571428571428,1.0,122480.19627805315,3.723914210000089,74.47828420000178,31.571428571428573,795,20,12,2,0.5123538446793383,0.16880897994332833,0.0986177882702908,0.3337523778403836,35.96855526910808,0.7358569669516395,9.217985558641306,2.0054725280591326,1.849925522341505,6
137,15,0.5,20,10,1.5,1.0,166363.14595734127,9.860389354999892,197.20778709999786,45.5,1350,20,22,3,0.99521124892555,0.28516951895764275,0.09263710881657793,0.38174991528298785,28.783043417672317,1.8044486675977027,5.816533011175579,1.0240513267116436,0.5326715271878849,6
151,23,0.2,20,4,1.0,1.0,152293.9013888889,2.971512844999938,59.43025689999877,17.0,639,20,10,5,0.6245514044029046,0.07431370369472258,0.060674074434309944,0.2970677429170604,73.63484805342091,0.8274410516971139,13.999383945217303,1.273063264635485,2.1188782312726726,6
148,16,0.25,20,5,2.8,1.0,57251.342361111114,5.4860643950000165,109.72128790000033,16.6,642,20,19,3,0.6563973470560722,0.17004822844716505,0.1333690812451844,0.20278837888619716,17.505578918986494,0.9351603217145066,16.845359269523307,0.23406317957588477,1.3144864372445604,3
134,11,0.3,20,6,1.1666666666666667,1.0,44266.42736111111,15.654264864999982,313.08529729999964,26.5,1051,20,36,3,0.8730936138347488,0.07165829498348442,0.0379975489718609,0.2506297808932917,13.091527590186944,0.9918505082333928,6.9039527645092225,3.3937207895612715,2.4232675154752057,6
131,27,0.05,20,1,1.0,1.0,73139.1728127113,16.443404269999952,328.868085399999,2.0,720,20,46,2,0.8177331046008215,0.2287941698519328,0.04451179937615787,0.19791433376430514,30.670393678156984,1.2151537238210057,5.783577678439976,1.5379639604759605,1.2324125677817586,3
153,29,0.3,20,6,1.0,1.0,172946.70642857143,4.705929674999948,94.11859349999895,27.0,466,20,26,6,0.8072809321506309,0.09120788695721285,0.13643472693911193,0.2771249712414281,96.27046422286124,0.5662887906782529,3.701532037717183,1.7193157206478236,2.960532448706172,5
154,20,0.3,20,6,1.8333333333333333,1.0,53468.81743388367,4.6898071800000025,93.79614360000005,24.5,970,20,11,2,0.9363514506772816,0.0662166638734169,0.10669515108700842,0.1873404398968047,76.18849983292641,1.1209484208446516,12.176210059907657,0.45359433096305846,0.20896375407153833,4
145,26,0.2,20,4,2.0,1.0,40840.90535714285,12.405841870000108,248.11683740000217,14.0,1427,20,18,4,0.8995048913785496,0.2092705678577582,0.022480326689396295,0.39441263576139995,78.8950111305198,1.0417526848571115,8.784064138483368,0.6406618071601,1.576662029507993,3
158,28,0.3,20,6,1.6666666666666667,1.0,26256.068482003127,3.8517628850000394,77.03525770000078,25.0,634,20,14,4,0.4181602970303021,0.026587432113754896,0.13510284787492458,0.3269390016367133,71.59837234301696,1.7859916431241714,3.671118841543324,1.7098204263800698,2.530109018677475,6
150,24,0.2,20,4,1.0,1.0,87154.29088873173,11.807524609999973,236.15049219999946,17.0,1021,20,24,6,0.6235641780640027,0.1842683912895984,0.01110972176943048,0.38855291656425195,93.43725923692313,1.7318697409940818,16.21467599694371,2.4547617023519726,0.6308659909628427,5
142,27,0.15,20,3,2.0,2.0,145825.88762987015,15.52222718500002,310.4445437000004,9.0,916,20,35,5,0.4823882934796474,0.085348055902202,0.026903641175721242,0.32653858226869914,53.68308149539535,0.6588339664178937,7.05499372573018,0.25111503116131484,2.280185052050926,4
141,29,0.4,20,8,1.125,1.0,142458.08662393162,16.752163465000034,335.0432693000007,36.625,936,20,49,5,0.8698200780662133,0.27063376988400634,0.05143428751574595,0.4487714921480379,97.32951157009173,1.3799934606298985,15.58653214085386,2.649378326315773,2.9174752343452486,4
162,27,0.2,20,4,1.75,1.0,80393.94951388889,4.223278515000038,84.46557030000076,14.75,858,20,10,6,0.8005960789362088,0.027966301735747365,0.06004640392626321,0.30786558759738814,61.130086110230216,0.6047445988610662,15.347785774604572,2.060636323667436,1.025522778186975,3
160,13,0.35,20,7,2.142857142857143,1.0,66339.74292950693,7.048257650000051,140.965153000001,28.57142857142857,1349,20,12,2,0.3511902265191858,0.021898783636467266,0.13424585844823178,0.311322880550678,66.23478080092104,1.094454818030691,8.677678078254608,1.6054525071128414,1.4633765187874368,5
161,28,0.35,20,7,2.5714285714285716,2.0,55253.98559464466,8.897600640000018,177.95201280000038,27.285714285714285,1251,20,16,2,0.5457352814060329,0.28965424307245785,0.12676675897683423,0.39653394030307687,47.187912501912926,0.8415991491960442,10.312769659712492,3.167370248383188,2.1347356877701453,3
138,25,0.15,20,3,1.0,1.0,137170.82261904763,22.897845364999966,457.95690729999933,12.0,968,20,50,6,0.7234726995111762,0.08363401384207202,0.029625488146092616,0.4821334255880414,19.047875895601464,0.9713244363022835,6.153869047933902,2.2969377971990363,2.524749003933934,5
157,19,0.4,20,8,2.125,1.0,134243.07985507246,14.557563159999996,291.1512631999999,33.625,1205,20,30,2,0.9514651567901018,0.14590223890978213,0.12464192506865268,0.32063924306755054,53.184329552612915,1.655624798097902,6.621013348658132,3.204889658058902,0.8900113193515846,5
166,27,0.35,20,7,1.8571428571428572,1.0,86314.798970787,7.794503939999982,155.89007879999963,29.42857142857143,765,20,25,4,0.5038859980208575,0.2289641310648358,0.1153916965646869,0.3102155492010822,37.470662625881246,0.842889751355684,12.188336546099261,0.4566992378599666,1.460828410560587,6
170,14,0.55,20,11,1.5454545454545454,1.0,89464.13583333333,4.213105505000044,84.26211010000088,50.363636363636374,328,20,40,5,0.36124634543285766,0.20592153966634022,0.012177498683403915,0.4069692877188521,57.88861535718432,1.4842691645126653,5.099887079500556,2.431317210445745,0.8637546735569313,5
167,29,0.25,20,5,1.6,1.0,173931.66347579175,8.762609494999992,175.25218989999985,20.2,604,20,34,3,0.3584423687097498,0.22147638636537922,0.05428974143891549,0.3796085400948762,20.040817173857057,1.0447688931110284,5.8365442935521195,2.1659433149156038,2.3468439583273724,4
159,14,0.35,20,7,1.2857142857142858,1.0,44906.00333072818,15.814240295000058,316.2848059000012,31.142857142857142,1353,20,30,4,0.8843655199740158,0.030518747664733725,0.09152092390671407,0.419358924572376,98.07788124620794,1.040075003796672,3.8231416063176122,3.9247339139537774,0.9179924938516006,5
140,18,0.25,20,5,1.0,1.0,104324.63259278203,27.748503260000007,554.9700652000001,22.0,1395,20,48,2,0.41156865305680207,0.19575927788680947,0.05791673966159269,0.21722551075499608,53.32622497768294,1.1019611669478324,16.023723311203867,3.3450188187265235,2.081983666227422,5
175,20,0.25,20,5,1.6,1.0,58200.59833333334,2.144701929999974,42.894038599999476,20.2,439,20,11,2,0.9675910250128891,0.05520463906636197,0.022492804460971842,0.3559176994008033,95.88222055980084,0.9330248994599304,10.05379169054862,0.4593415797571956,2.751770780509106,3
165,27,0.4,20,8,1.25,1.0,70729.01232829399,14.023366124999939,280.4673224999988,36.25,1491,20,25,5,0.5079993970507639,0.21159391959932092,0.040876992645642186,0.1199970406329546,48.07371405269153,0.8964355297495463,16.323212526838823,4.868992938674625,2.550099262171331,6
155,23,0.2,20,4,1.25,1.0,85117.01630412147,22.546417089999977,450.92834179999954,16.25,1132,20,46,4,0.44156202926378424,0.2878136652761294,0.14324678601922702,0.12669096299744861,14.170105846391232,0.8156256746374396,4.187225428182354,0.9688619244014458,2.534763624819093,4
156,23,0.05,20,1,1.0,1.0,20544.231944444444,22.108152044999976,442.1630408999995,2.0,830,20,50,6,0.7151174870756187,0.17567209495171265,0.1331777725197973,0.4408996541238046,45.60351923717159,0.705112679735402,9.016268822391849,1.3772536390535643,2.597291996074052,5
152,20,0.35,20,7,1.1428571428571428,1.0,152762.98182539683,25.122154744999968,502.4430948999993,31.571428571428573,1301,20,49,6,0.5897693082599227,0.2928545315520674,0.04430113314522575,0.20875729129307904,33.314601811830386,1.4369041483037022,13.046693623624014,4.593389951488931,0.8623995617605702,6
171,10,0.4,20,8,1.5,1.0,51403.00332341269,8.342750444999956,166.85500889999912,35.5,589,20,38,2,0.5273470397617177,0.26326753427719257,0.1341757297724012,0.3000343818742608,20.000292971175803,0.7335025971043161,18.68320016383685,4.2317401583321415,2.865625255896079,6
172,24,0.3,20,6,1.6666666666666667,1.0,94100.15666666666,7.62568518999999,152.5137037999998,25.0,1256,20,14,5,0.825263478113653,0.06130586447216436,0.04075649984515285,0.28308843417657104,77.42528498729581,1.136100901557821,18.548091006338538,2.486627023454255,2.737933077801811,5
174,18,0.3,20,6,1.1666666666666667,1.0,95322.18194444446,7.04970358999999,140.9940717999998,26.5,735,20,23,3,0.9608473097019109,0.15928532098288775,0.07115971772878382,0.21070877545015063,78.92847233632911,1.0775406633329137,15.322644118908789,1.0698055275785145,0.38123719040495396,3
163,18,0.1,20,2,1.5,2.0,102839.70428513706,19.724729830000022,394.4945966000005,5.5,1074,20,37,5,0.7925156339902963,0.053268312930777446,0.053551448581111175,0.4231903411615002,37.49060260606356,1.9641959220479774,5.785987653931415,1.1762091360933051,1.978486061243658,4
181,13,0.45,20,9,2.0,1.0,136424.37539281705,3.3838483500000165,67.67696700000033,39.0,734,20,12,2,0.7799331401273948,0.14126801895231578,0.04650883519254371,0.1728663927578306,85.57778331355395,1.534438851996147,19.22908973630231,3.048018431092389,1.6718300961494585,6
178,23,0.1,20,2,1.5,2.0,23634.288722222223,4.769077189999985,95.38154379999969,5.5,459,20,21,2,0.6674848345595548,0.19779760194528062,0.12056870424451933,0.10399345477149602,50.23550834437522,1.690313450615369,7.505424522697706,0.73560758982712,2.3182914378979183,4
164,19,0.15,20,3,1.6666666666666667,2.0,97828.1055952381,19.768649879999998,395.37299759999996,10.0,1329,20,32,2,0.5229887649754359,0.04923627724717206,0.013465787289468416,0.2630307879239643,26.978637467372334,1.544240888642406,7.313066622993464,1.1912033823624673,2.717153310886816,5
177,11,0.15,20,3,2.3333333333333335,2.0,42884.62043360434,7.319008884999948,146.38017769999897,8.0,1146,20,13,4,0.6729560922781623,0.10524907410600826,0.13660157642478762,0.376325214630162,14.997887799967634,1.7529105825344875,6.081702738697464,4.4837587151616765,0.5701968856321262,4
169,28,0.25,20,5,2.6,1.0,37771.73861111111,15.464355190000015,309.2871038000003,17.2,686,20,50,3,0.6004046102855738,0.24092014136709664,0.08348451527621,0.21542250187878711,66.83645144430662,0.552126852841144,4.716619418988385,0.22347840620719395,1.067122944673762,6
186,21,0.1,20,2,2.0,3.0,12149.071686507936,2.241657354999984,44.83314709999968,4.0,382,20,11,6,0.8845179526279456,0.15306347927473116,0.1277154746480358,0.21060021040985794,49.43894311690777,0.916187256065834,18.291003915536187,3.689156547860328,0.24566225364834193,5
183,29,0.1,20,2,1.0,1.0,73773.92645470383,4.66933518000003,93.3867036000006,7.0,424,20,22,5,0.7315734170348178,0.15978150787245024,0.07862035847946894,0.26137015561369215,74.72471571433279,0.5439696051640202,4.313651550413459,0.8625918670285787,2.3566712059072117,3
179,13,0.2,20,4,1.25,1.0,127675.79656249999,8.735905990000015,174.7181198000003,16.25,1197,20,16,3,0.3501369543679507,0.09928276637673683,0.09842949104631873,0.36714996507052244,93.00476077718473,1.8271963303967342,16.108399082472616,1.45925629896065,2.6048325528886487,4
191,17,0.3,20,6,1.8333333333333333,2.0,114210.06033524903,4.010392150000007,80.20784300000014,24.5,794,20,11,6,0.665042821564378,0.1498012537954404,0.08951737403606623,0.2616896361002384,31.809954592789044,1.1706243904766782,15.730472984666092,3.2767708956276245,1.1662185492824628,3
176,11,0.1,20,2,1.0,1.0,84511.36765782829,13.790483805000054,275.80967610000107,7.0,870,20,32,4,0.3500200845728126,0.10723886797686524,0.1242457062190348,0.42498943785877086,69.11711651931073,0.5968637311486349,12.952409943515317,2.8371874868509157,2.8312791236663717,4
192,11,0.25,20,5,1.0,1.0,89977.52803964281,4.7156893150001,94.313786300002,22.0,353,20,30,6,0.5150017813453228,0.2605490884035251,0.01940129985361183,0.1210830522034915,71.36229666119198,1.4678843538252422,3.1496939619893385,0.2877887486372705,1.0371751035687318,6
168,26,0.2,20,4,1.25,1.0,48513.81136904762,23.165340230000037,463.30680460000076,16.25,1208,20,42,2,0.899395194456738,0.25717623400876966,0.05205458791287155,0.163272669715043,74.01473220094616,0.8532323035328817,6.6043354242230965,4.957056851636918,0.8786227101820547,4
188,29,0.35,20,7,1.4285714285714286,1.0,85250.49988567074,6.7789266949999725,135.57853389999946,30.714285714285715,964,20,17,5,0.38913475464251446,0.1947091931953853,0.028597981321024576,0.32323851759621325,65.5861290371509,1.2383422709072565,14.012115584341936,3.911049391843064,0.30393012071024383,4
173,24,0.4,20,8,1.0,1.0,68853.24567307692,16.78739618000002,335.7479236000004,37.0,1107,20,43,2,0.8646183535171358,0.16105079231010533,0.02176596940904524,0.28985833907695546,28.32314657034902,1.5485156141432177,8.436033507887618,2.744240902702601,2.9100118106657242,6
185,27,0.4,20,8,1.875,1.0,62318.24081111108,9.535044055000071,190.70088110000142,34.375,538,20,46,5,0.9753708458420692,0.2558102931609537,0.07308540314308114,0.3000248786443174,18.460202291909333,1.8544535640506412,11.132903493770572,3.4706821636471386,0.7560261542519705,4
189,10,0.25,20,5,1.2,1.0,163166.83205128205,8.827752265000049,176.55504530000098,21.4,545,20,39,3,0.8556334072147808,0.11311796112157177,0.11419788576392355,0.3075614968759002,46.60853349652405,1.445226301523712,7.40887056761778,4.686619021654514,2.466921224779634,3
190,21,0.2,20,4,1.0,1.0,125658.82907751093,9.037517595000054,180.75035190000108,17.0,1160,20,17,2,0.927326766021754,0.1516552184607924,0.011574932816808816,0.3325975162553795,63.23337231317791,1.515527076823328,19.87318224998799,4.591061132380818,1.691265383621843,5
182,15,0.55,20,11,1.8181818181818181,1.0,131526.92647556393,14.736301390000017,294.72602780000034,49.545454545454554,1434,20,32,2,0.9065625521867144,0.07565688563743228,0.016136196629980646,0.11371391295200346,60.83487000399617,1.5873292589064651,5.311366591439051,0.8063288605788778,0.6819827301610636,6
180,12,0.2,20,4,2.75,3.0,130993.45748548923,17.74362254500006,354.87245090000124,11.75,1159,20,33,2,0.40355522658152954,0.09920549065559159,0.12934652550601936,0.39355675879657326,26.319335174502328,1.5049927515526507,7.316454057419737,3.9655535503846457,1.4074317404715035,6
195,10,0.05,20,1,1.0,1.0,57341.003061224495,9.999538394999968,199.99076789999935,2.0,619,20,34,2,0.7562377072547375,0.04626796684840854,0.1166619427818366,0.15113351953757662,33.332653796137805,1.976273464695458,14.673061003082305,4.680949250688291,2.2330589189915164,5
196,17,0.4,20,8,1.0,1.0,210909.0291666667,11.003386819999992,220.06773639999983,37.0,791,20,43,3,0.7856167128962857,0.11335489575165386,0.039657831344921776,0.1223956230327107,71.55505357297082,1.8535725623910013,12.155423274423063,4.93585208892865,0.37029958930490525,3
193,15,0.1,20,2,1.5,2.0,23086.41066653124,17.315671275000046,346.3134255000009,5.5,1199,20,31,2,0.8237573308570751,0.05799086726481642,0.04322218722321969,0.20373448273703032,10.900051325418117,0.766223038691562,14.861462744260303,3.4940089201595645,2.8045951927125716,5
199,27,0.15,20,3,1.6666666666666667,1.0,50646.48259600614,15.46656308000006,309.3312616000012,10.0,1050,20,33,5,0.7723089274630297,0.21332993638023454,0.13864406860122608,0.4057041966515341,70.95817083535184,1.1254150434917598,12.17988936941923,4.437937723368232,2.9614772164198055,3
197,17,0.25,20,5,1.0,1.0,134166.75833333336,16.32914291999998,326.5828583999996,22.0,1398,20,31,2,0.5348347163166814,0.08422187298892923,0.07034390139514689,0.41824538370240394,69.28801900439898,1.8376825195809272,6.712666923148617,3.966007428585332,1.96156664483629,4
187,13,0.3,20,6,1.0,1.0,89120.44808429119,24.52941982499999,490.5883964999998,27.0,1495,20,46,2,0.6380298629930002,0.23157351382470975,0.14506118485639827,0.19144476810721983,54.125706412867295,1.346038124687296,4.6093002892977655,0.8875621591136303,2.196008608956603,5
184,28,0.2,20,4,3.75,5.0,83002.28838383839,26.30017236499996,526.0034472999992,8.75,1347,20,43,4,0.5131862602959455,0.1575489543924568,0.13388518647229902,0.11721242629784388,21.02513779082203,1.5299481861416175,12.835725828165558,4.6979447136049854,1.3640806340955416,5
194,23,0.1,20,2,2.5,4.0,22031.759677002585,19.580921824999997,391.6184364999999,2.5,1376,20,30,6,0.7586081409365744,0.03223707110369596,0.08082958071099675,0.43789081143929454,25.437605189911928,1.7322768920893337,4.482654240275105,2.2096040497408582,2.5205955030920713,5
198,26,0.05,20,1,1.0,1.0,19919.03449589723,25.380004939999957,507.60009879999916,2.0,1434,20,45,3,0.9625007607272873,0.11845443363605249,0.03440555282424526,0.17592256571963694,97.86128131165552,1.0398342974439236,15.599586388219542,2.9583695903209404,1.9400447233232225,3
