run_id,game_id,guess_index,guess_expr,guess_valid,guess_runtime_s,guess_fitness,feedback
run_20251212_220235_unconstrained_grammar,0,0,35*939,1,18.218680799996946,3.6310231258836683,??????
run_20251212_220235_unconstrained_grammar,0,1,35*937,0,11.986270199995488,-33.442485746369414,
run_20251212_220235_unconstrained_grammar,0,2,52*631,0,10.616668300004676,-32.869939074100785,
run_20251212_220235_unconstrained_grammar,0,3,75*438,0,9.99480719998246,-32.869939074100785,
run_20251212_220235_unconstrained_grammar,0,4,76*432,0,9.453625900001498,-32.869939074100785,
run_20251212_220235_unconstrained_grammar,0,5,75*439,0,9.258349899988389,-32.869939074100785,
run_20251212_220235_unconstrained_grammar,1,0,6+47/8,0,9.43367539998144,-20.59871254192474,
run_20251212_220235_unconstrained_grammar,1,1,62/785,0,8.425024600001052,-20.59871254192474,
run_20251212_220235_unconstrained_grammar,1,2,65*1+3,0,8.554533300019102,-20.59871254192474,
run_20251212_220235_unconstrained_grammar,1,3,56/284,0,8.472987099987222,-20.59871254192474,
run_20251212_220235_unconstrained_grammar,1,4,41/578,0,8.513130799983628,-20.59871254192474,
run_20251212_220235_unconstrained_grammar,1,5,3*7-84,0,8.57978590001585,-20.59871254192474,
run_20251212_220235_unconstrained_grammar,2,0,297*55,1,18.053098400007002,4.203569798152301,??????
run_20251212_220235_unconstrained_grammar,2,1,397*41,0,11.40268020000076,-36.277624887603636,
run_20251212_220235_unconstrained_grammar,2,2,363*45,1,9.44789809998474,-11.475342547526598,??????
run_20251212_220235_unconstrained_grammar,2,3,218*75,0,9.254471199994441,-36.277624887603636,
run_20251212_220235_unconstrained_grammar,2,4,278*59,0,9.54240590002155,-36.277624887603636,
run_20251212_220235_unconstrained_grammar,2,5,817*20,0,9.293893499998376,-36.277624887603636,
run_20251212_220235_unconstrained_grammar,3,0,3*3*53,0,20.86686439998448,-inf,
run_20251212_220235_unconstrained_grammar,3,1,3*3*53,0,18.63840060000075,-inf,
run_20251212_220235_unconstrained_grammar,3,2,3*3*53,0,17.63369610000518,-inf,
run_20251212_220235_unconstrained_grammar,3,3,3*3*53,0,17.189789299998665,-inf,
run_20251212_220235_unconstrained_grammar,3,4,853*90,0,16.513406600017333,-20.59871254192474,
run_20251212_220235_unconstrained_grammar,3,5,853*90,0,15.161437200004002,-52.68393126989332,
run_20251212_220235_unconstrained_grammar,4,0,956+47,1,14.232761699997354,4.776116470420933,??????
run_20251212_220235_unconstrained_grammar,4,1,923+80,1,10.437392500025453,11.591488097426646,??????
run_20251212_220235_unconstrained_grammar,4,2,922+81,1,9.898436499992386,17.83431305216373,??????
run_20251212_220235_unconstrained_grammar,5,0,41*718,0,21.921719500009203,-21.17125921419337,
run_20251212_220235_unconstrained_grammar,5,1,31*947,0,19.34544829998049,-20.59871254192474,
run_20251212_220235_unconstrained_grammar,5,2,31*948,0,16.23225739999907,-20.59871254192474,
run_20251212_220235_unconstrained_grammar,5,3,32*917,0,14.636101699987194,-20.59871254192474,
run_20251212_220235_unconstrained_grammar,5,4,42*701,0,11.85380380001152,-20.59871254192474,
run_20251212_220235_unconstrained_grammar,5,5,31*950,0,11.227234199992381,-20.59871254192474,
run_20251212_220235_unconstrained_grammar,6,0,631/50,0,9.705596899992088,-20.59871254192474,
run_20251212_220235_unconstrained_grammar,6,1,65+8/9,0,8.961710200004745,-20.59871254192474,
run_20251212_220235_unconstrained_grammar,6,2,90/3-1,0,9.046470700006466,-20.59871254192474,
run_20251212_220235_unconstrained_grammar,6,3,9/7+42,0,9.729445000004489,-20.59871254192474,
run_20251212_220235_unconstrained_grammar,6,4,2*6/79,0,10.397729799995432,-20.59871254192474,
run_20251212_220235_unconstrained_grammar,6,5,123/78,0,9.78572990000248,-20.59871254192474,
run_20251212_220235_unconstrained_grammar,7,0,29/385,0,10.345435699971858,-20.59871254192474,
run_20251212_220235_unconstrained_grammar,7,1,53+6/1,0,8.986014800000703,-20.59871254192474,
run_20251212_220235_unconstrained_grammar,7,2,51/843,0,10.27752109998255,-20.59871254192474,
run_20251212_220235_unconstrained_grammar,7,3,4/70*8,0,9.580553600011626,-20.59871254192474,
run_20251212_220235_unconstrained_grammar,7,4,0*1+78,0,9.449638599995524,-20.59871254192474,
run_20251212_220235_unconstrained_grammar,7,5,5+8/16,0,9.105031099985354,-20.59871254192474,
run_20251212_220235_unconstrained_grammar,8,0,28/3+4,0,9.365709500008961,-20.59871254192474,
run_20251212_220235_unconstrained_grammar,8,1,84/613,0,8.340851599990856,-20.59871254192474,
run_20251212_220235_unconstrained_grammar,8,2,79/230,0,8.915647900023032,-20.59871254192474,
run_20251212_220235_unconstrained_grammar,8,3,15/2+9,0,9.55569499998819,-20.59871254192474,
run_20251212_220235_unconstrained_grammar,8,4,4-5+27,0,9.881210999999894,-20.59871254192474,
run_20251212_220235_unconstrained_grammar,8,5,46/910,0,9.213529400003608,-20.59871254192474,
run_20251212_220235_unconstrained_grammar,9,0,6/37-8,0,9.88091069998336,-20.59871254192474,
run_20251212_220235_unconstrained_grammar,9,1,9/3-58,0,8.946540200005984,-20.59871254192474,
run_20251212_220235_unconstrained_grammar,9,2,9-3*15,0,9.337245399976382,-20.59871254192474,
run_20251212_220235_unconstrained_grammar,9,3,2-7/46,0,9.509970900020562,-20.59871254192474,
run_20251212_220235_unconstrained_grammar,9,4,1*43-2,0,8.526465399976587,-20.59871254192474,
run_20251212_220235_unconstrained_grammar,9,5,278/54,0,9.242098000016995,-20.59871254192474,
run_20251212_220235_unconstrained_grammar,10,0,1/2*76,1,10.661939400015399,4.776116470420933,??????
run_20251212_220235_unconstrained_grammar,10,1,18+5*4,1,9.612018600018928,-7.49511006175511,??????
run_20251212_220235_unconstrained_grammar,10,2,10*4-2,1,9.76945320001687,8.18380228392379,??????
run_20251212_220235_unconstrained_grammar,10,3,40*1-2,1,9.742871800001012,-4.087424248252253,??????
run_20251212_220235_unconstrained_grammar,10,4,40/1-2,1,10.238586899999063,-4.659970920520886,??????
run_20251212_220235_unconstrained_grammar,10,5,11*4-6,1,9.912780400016345,-5.2325175927895184,??????
run_20251212_220235_unconstrained_grammar,11,0,146/70,0,9.90708760000416,-20.59871254192474,
run_20251212_220235_unconstrained_grammar,11,1,4*6-71,0,8.600319799996214,-20.59871254192474,
run_20251212_220235_unconstrained_grammar,11,2,912/37,0,9.174277600017376,-20.59871254192474,
run_20251212_220235_unconstrained_grammar,11,3,940/76,0,9.305166699981783,-20.59871254192474,
run_20251212_220235_unconstrained_grammar,11,4,71/896,0,9.174805599992396,-20.59871254192474,
run_20251212_220235_unconstrained_grammar,11,5,4*0-71,0,9.182889799994882,-20.59871254192474,
run_20251212_220235_unconstrained_grammar,12,0,7-5/16,0,10.364847899996676,-20.59871254192474,
run_20251212_220235_unconstrained_grammar,12,1,8-5/39,0,9.02675150000141,-20.59871254192474,
run_20251212_220235_unconstrained_grammar,12,2,65*1+0,0,9.1017968999804,-20.59871254192474,
run_20251212_220235_unconstrained_grammar,12,3,0+35/1,0,10.642734100023517,-20.59871254192474,
run_20251212_220235_unconstrained_grammar,12,4,60+4*5,0,9.922122500021942,-20.59871254192474,
run_20251212_220235_unconstrained_grammar,12,5,86/572,0,9.426916299998993,-20.59871254192474,
run_20251212_220235_unconstrained_grammar,13,0,0+0+0,0,22.678780499991262,-inf,
run_20251212_220235_unconstrained_grammar,13,1,25*407,0,20.196322400006466,-20.59871254192474,
run_20251212_220235_unconstrained_grammar,13,2,25*405,1,11.468116299976828,4.203569798152301,??????
run_20251212_220235_unconstrained_grammar,13,3,15*675,1,9.684666299988749,-8.067656734023743,??????
run_20251212_220235_unconstrained_grammar,13,4,289*35,0,9.476995100005297,-32.869939074100785,
run_20251212_220235_unconstrained_grammar,13,5,225*45,1,9.197004199988442,-8.640203406292375,??????
run_20251212_220235_unconstrained_grammar,14,0,31/071,0,23.11643880000338,-inf,
run_20251212_220235_unconstrained_grammar,14,1,31/071,0,20.96505159998196,-inf,
run_20251212_220235_unconstrained_grammar,14,2,24*814,1,16.544310600002063,4.203569798152301,??????
run_20251212_220235_unconstrained_grammar,14,3,22*888,1,10.57479179999791,-12.620435892063863,??????
run_20251212_220235_unconstrained_grammar,14,4,62*314,0,10.09349190001376,-32.869939074100785,
run_20251212_220235_unconstrained_grammar,14,5,51*384,0,9.691745399992215,-32.869939074100785,
run_20251212_220235_unconstrained_grammar,15,0,92*576,0,23.291778199985856,-inf,
run_20251212_220235_unconstrained_grammar,15,1,896*82,0,20.297230900003342,-21.17125921419337,
run_20251212_220235_unconstrained_grammar,15,2,895*82,0,17.319348599994555,-21.17125921419337,
run_20251212_220235_unconstrained_grammar,15,3,941*78,0,16.403793000004953,-20.59871254192474,
run_20251212_220235_unconstrained_grammar,15,4,942*78,0,14.520965000003343,-20.59871254192474,
run_20251212_220235_unconstrained_grammar,15,5,864*85,0,14.274878099997295,-21.17125921419337,
run_20251212_220235_unconstrained_grammar,16,0,21-546,1,15.083849899994675,4.776116470420933,??????
run_20251212_220235_unconstrained_grammar,16,1,98-623,1,11.993146399996476,8.18380228392379,??????
run_20251212_220235_unconstrained_grammar,16,2,77-602,1,11.693442799994955,11.018941425158014,??????
run_20251212_220235_unconstrained_grammar,17,0,6-8+40,1,10.271687800006475,4.776116470420933,??????
run_20251212_220235_unconstrained_grammar,17,1,43-1*5,1,10.179431399999885,4.776116470420933,??????
run_20251212_220235_unconstrained_grammar,17,2,41-9/3,1,10.479016400000546,11.591488097426646,??????
run_20251212_220235_unconstrained_grammar,17,3,41-3/1,1,10.174774800019804,17.83431305216373,??????
run_20251212_220235_unconstrained_grammar,18,0,42/3*0,1,10.59729140001582,4.776116470420933,??????
run_20251212_220235_unconstrained_grammar,18,1,36/4*0,1,9.087304899992887,14.999173910929503,??????
run_20251212_220235_unconstrained_grammar,18,2,31/4*0,1,9.387831900006859,21.814545537935217,??????
run_20251212_220235_unconstrained_grammar,18,3,35/4*0,1,9.60532279999461,21.814545537935217,??????
run_20251212_220235_unconstrained_grammar,18,4,38/4*0,1,9.535041800001636,21.814545537935217,??????
run_20251212_220235_unconstrained_grammar,18,5,37/4*0,1,9.530651099979877,21.814545537935217,??????
run_20251212_220235_unconstrained_grammar,19,0,70*236,0,24.985983000020497,-20.59871254192474,
run_20251212_220235_unconstrained_grammar,19,1,70*235,0,15.568085400009295,-20.59871254192474,
run_20251212_220235_unconstrained_grammar,19,2,289*57,0,12.061571099999128,-20.59871254192474,
run_20251212_220235_unconstrained_grammar,19,3,968*17,0,11.476327700016554,-20.59871254192474,
run_20251212_220235_unconstrained_grammar,19,4,965*17,0,11.52420169999823,-20.59871254192474,
run_20251212_220235_unconstrained_grammar,19,5,499*33,1,11.160167699999874,3.6310231258836683,??????
run_20251212_220235_unconstrained_grammar,20,0,41+760,1,13.040734900016105,4.776116470420933,??????
run_20251212_220235_unconstrained_grammar,20,1,52+749,1,10.779591300000902,-10.902795875257965,??????
run_20251212_220235_unconstrained_grammar,20,2,58+743,1,10.553946400003042,-11.475342547526598,??????
run_20251212_220235_unconstrained_grammar,20,3,787+14,1,10.593469599989476,7.611255611655157,??????
run_20251212_220235_unconstrained_grammar,20,4,785+16,1,10.685263299994403,1.5828540342161972,??????
run_20251212_220235_unconstrained_grammar,20,5,784+17,1,10.492164600000251,17.83431305216373,??????
run_20251212_220235_unconstrained_grammar,21,0,5/36*4,1,11.623128499981249,4.776116470420933,??????
run_20251212_220235_unconstrained_grammar,21,1,30/9/6,1,9.977807499992196,-11.475342547526598,??????
run_20251212_220235_unconstrained_grammar,21,2,831/46,0,9.153141699993284,-32.869939074100785,
run_20251212_220235_unconstrained_grammar,21,3,8-51/6,0,9.054568399995333,-32.869939074100785,
run_20251212_220235_unconstrained_grammar,21,4,52-3*6,0,9.013994500011904,-32.869939074100785,
run_20251212_220235_unconstrained_grammar,21,5,81/756,0,9.304674799990607,-32.869939074100785,
run_20251212_220235_unconstrained_grammar,22,0,2/51*3,0,10.262321999995038,-20.59871254192474,
run_20251212_220235_unconstrained_grammar,22,1,9-7+41,0,9.145952999999281,-20.59871254192474,
run_20251212_220235_unconstrained_grammar,22,2,17/380,0,8.83485230000224,-20.59871254192474,
run_20251212_220235_unconstrained_grammar,22,3,38/490,0,9.275543800002197,-20.59871254192474,
run_20251212_220235_unconstrained_grammar,22,4,0-36/1,0,8.911408200016012,-20.59871254192474,
run_20251212_220235_unconstrained_grammar,22,5,76/481,1,8.882924700010335,4.776116470420933,??????
run_20251212_220235_unconstrained_grammar,23,0,32/7*8,0,10.287440899992362,-20.59871254192474,
run_20251212_220235_unconstrained_grammar,23,1,2/7-19,0,9.45642339999904,-20.59871254192474,
run_20251212_220235_unconstrained_grammar,23,2,9/3+57,0,9.769930800015572,-20.59871254192474,
run_20251212_220235_unconstrained_grammar,23,3,9-65/3,0,9.303230899997288,-20.59871254192474,
run_20251212_220235_unconstrained_grammar,23,4,3*9-62,0,9.08174299998791,-20.59871254192474,
run_20251212_220235_unconstrained_grammar,23,5,6/95*2,0,9.131870799988974,-20.59871254192474,
run_20251212_220235_unconstrained_grammar,24,0,429-53,1,10.797391300002346,4.776116470420933,??????
run_20251212_220235_unconstrained_grammar,24,1,314+62,1,8.877412700006971,4.776116470420933,??????
run_20251212_220235_unconstrained_grammar,24,2,304+72,1,9.077428899996448,18.40685972443236,??????
run_20251212_220235_unconstrained_grammar,25,0,957*26,0,19.400921699998435,-20.59871254192474,
run_20251212_220235_unconstrained_grammar,25,1,958*26,0,11.52028270001756,-20.59871254192474,
run_20251212_220235_unconstrained_grammar,25,2,654*38,0,11.033861400006572,-20.59871254192474,
run_20251212_220235_unconstrained_grammar,25,3,856*29,0,10.096171000011964,-20.59871254192474,
run_20251212_220235_unconstrained_grammar,25,4,857*29,0,9.9437396999856,-20.59871254192474,
run_20251212_220235_unconstrained_grammar,25,5,254*98,0,9.716244000010192,-20.59871254192474,
run_20251212_220235_unconstrained_grammar,26,0,76/2+1,1,10.419979500002228,4.776116470420933,??????
run_20251212_220235_unconstrained_grammar,26,1,3*4+27,1,9.272723800007952,-11.475342547526598,??????
run_20251212_220235_unconstrained_grammar,26,2,1*78/2,1,9.826693499984685,8.18380228392379,??????
run_20251212_220235_unconstrained_grammar,27,0,3/6*52,1,10.966340400016634,4.776116470420933,??????
run_20251212_220235_unconstrained_grammar,27,1,728/28,1,9.061016399995424,3.6310231258836683,??????
run_20251212_220235_unconstrained_grammar,27,2,2+24/1,1,9.098726299998816,-11.475342547526598,??????
run_20251212_220235_unconstrained_grammar,27,3,26*4/4,1,9.694732200005092,-2.3973784515552943,??????
run_20251212_220235_unconstrained_grammar,27,4,25+4/4,1,9.523851800011471,1.0103073619475644,??????
run_20251212_220235_unconstrained_grammar,27,5,27-4/4,1,9.657644300023094,17.83431305216373,??????
run_20251212_220235_unconstrained_grammar,28,0,570-24,1,12.545468500000425,4.776116470420933,??????
run_20251212_220235_unconstrained_grammar,28,1,536+10,1,9.126397099986207,-11.475342547526598,??????
run_20251212_220235_unconstrained_grammar,28,2,516+30,1,9.460315399977844,-12.04788921979523,??????
run_20251212_220235_unconstrained_grammar,28,3,510+36,1,8.99734490000992,-8.640203406292375,??????
run_20251212_220235_unconstrained_grammar,28,4,512+34,1,8.921430000016699,-8.640203406292375,??????
run_20251212_220235_unconstrained_grammar,28,5,514+32,1,9.038667699991493,-8.640203406292375,??????
run_20251212_220235_unconstrained_grammar,29,0,0+0+0,0,21.683045599987963,-inf,
run_20251212_220235_unconstrained_grammar,29,1,420*15,1,18.066431500017643,4.776116470420933,??????
run_20251212_220235_unconstrained_grammar,29,2,525*12,1,13.22084029999678,-9.212750078561008,??????
run_20251212_220235_unconstrained_grammar,29,3,350*18,1,9.53743100000429,-8.640203406292375,??????
run_20251212_220235_unconstrained_grammar,29,4,126*50,1,9.373028200003318,-8.640203406292375,??????
run_20251212_220235_unconstrained_grammar,29,5,450*14,1,9.60371710002073,-10.400120247754199,??????
run_20251212_220235_unconstrained_grammar,30,0,59/310,0,9.571409700001823,-20.59871254192474,
run_20251212_220235_unconstrained_grammar,30,1,52-0/8,0,8.804451200005133,-20.59871254192474,
run_20251212_220235_unconstrained_grammar,30,2,1*8/27,0,8.821693900012178,-20.59871254192474,
run_20251212_220235_unconstrained_grammar,30,3,345/71,0,8.648193000000902,-20.59871254192474,
run_20251212_220235_unconstrained_grammar,30,4,71/625,0,8.714541299996199,-20.59871254192474,
run_20251212_220235_unconstrained_grammar,30,5,59/7+1,0,8.670352799992543,-20.59871254192474,
run_20251212_220235_unconstrained_grammar,31,0,14-4/6,1,9.46444139999221,4.203569798152301,??????
run_20251212_220235_unconstrained_grammar,31,1,0*1/54,0,8.046064100024523,-20.59871254192474,
run_20251212_220235_unconstrained_grammar,31,2,800/60,1,8.110684399987804,-12.620435892063863,??????
run_20251212_220235_unconstrained_grammar,31,3,41/7*9,0,8.355687800009036,-20.59871254192474,
run_20251212_220235_unconstrained_grammar,31,4,43/715,0,8.301741699979175,-20.59871254192474,
run_20251212_220235_unconstrained_grammar,31,5,41/732,0,8.284809400007362,-20.59871254192474,
run_20251212_220235_unconstrained_grammar,32,0,526*21,0,20.3754194000212,-21.17125921419337,
run_20251212_220235_unconstrained_grammar,32,1,546*20,0,10.281677399994805,-20.59871254192474,
run_20251212_220235_unconstrained_grammar,32,2,549*20,0,8.861225600005127,-20.59871254192474,
run_20251212_220235_unconstrained_grammar,32,3,547*20,0,9.022977400018135,-20.59871254192474,
run_20251212_220235_unconstrained_grammar,32,4,182*60,0,9.057164199999534,-20.59871254192474,
run_20251212_220235_unconstrained_grammar,32,5,548*20,0,9.390668200008804,-20.59871254192474,
run_20251212_220235_unconstrained_grammar,33,0,64-3*2,0,9.950942900002701,-20.59871254192474,
run_20251212_220235_unconstrained_grammar,33,1,150/36,0,8.723123000003397,-20.59871254192474,
run_20251212_220235_unconstrained_grammar,33,2,6/7+30,0,8.765243600006215,-20.59871254192474,
run_20251212_220235_unconstrained_grammar,33,3,48+0/1,0,8.649563399987528,-20.59871254192474,
run_20251212_220235_unconstrained_grammar,33,4,674/19,0,9.350103200005833,-20.59871254192474,
run_20251212_220235_unconstrained_grammar,33,5,90/766,1,8.775556800013874,4.203569798152301,??????
run_20251212_220235_unconstrained_grammar,34,0,7/90+5,0,10.446301999996649,-20.59871254192474,
run_20251212_220235_unconstrained_grammar,34,1,957/86,0,9.409986099984962,-20.59871254192474,
run_20251212_220235_unconstrained_grammar,34,2,38/671,0,9.552161100000376,-20.59871254192474,
run_20251212_220235_unconstrained_grammar,34,3,417/60,0,9.372510600020178,-20.59871254192474,
run_20251212_220235_unconstrained_grammar,34,4,97/2-4,0,9.326842899987241,-20.59871254192474,
run_20251212_220235_unconstrained_grammar,34,5,5/7*80,0,10.125788300007116,-20.59871254192474,
run_20251212_220235_unconstrained_grammar,35,0,67+1*8,1,11.085814599995501,4.776116470420933,??????
run_20251212_220235_unconstrained_grammar,35,1,69+3*2,1,8.6954415999935,-8.067656734023743,??????
run_20251212_220235_unconstrained_grammar,35,2,60+5*3,1,8.97702130000107,-8.640203406292375,??????
run_20251212_220235_unconstrained_grammar,35,3,60+3*5,1,9.657851199997822,-5.2325175927895184,??????
run_20251212_220235_unconstrained_grammar,35,4,80-5/1,1,9.715421400003834,-5.2325175927895184,??????
run_20251212_220235_unconstrained_grammar,35,5,70+5/1,1,9.398248700017575,-5.74946954357814,??????
run_20251212_220235_unconstrained_grammar,36,0,6/45-8,0,10.590361799986567,-20.59871254192474,
run_20251212_220235_unconstrained_grammar,36,1,3*72/6,0,9.055464100005338,-20.59871254192474,
run_20251212_220235_unconstrained_grammar,36,2,82/791,0,8.973970099992584,-20.59871254192474,
run_20251212_220235_unconstrained_grammar,36,3,801/97,0,8.82045470000594,-20.59871254192474,
run_20251212_220235_unconstrained_grammar,36,4,4+0/71,0,8.973096100002294,-20.59871254192474,
run_20251212_220235_unconstrained_grammar,36,5,8+9/20,0,8.909382799989544,-20.59871254192474,
run_20251212_220235_unconstrained_grammar,37,0,40/613,0,9.435352100001182,-20.59871254192474,
run_20251212_220235_unconstrained_grammar,37,1,75/804,0,9.598316100018565,-20.59871254192474,
run_20251212_220235_unconstrained_grammar,37,2,7*54/6,0,8.518407299998216,-20.59871254192474,
run_20251212_220235_unconstrained_grammar,37,3,95/746,0,8.699999400007073,-20.59871254192474,
run_20251212_220235_unconstrained_grammar,37,4,75/904,0,8.50202879999415,-20.59871254192474,
run_20251212_220235_unconstrained_grammar,37,5,3*7/19,0,8.551949700020486,-20.59871254192474,
run_20251212_220235_unconstrained_grammar,38,0,9/76*4,0,9.617916299990611,-20.59871254192474,
run_20251212_220235_unconstrained_grammar,38,1,293/76,0,8.742633400019258,-20.59871254192474,
run_20251212_220235_unconstrained_grammar,38,2,9+63/1,0,8.770927400008077,-20.59871254192474,
run_20251212_220235_unconstrained_grammar,38,3,39/562,0,8.819121599983191,-20.59871254192474,
run_20251212_220235_unconstrained_grammar,38,4,10-5*8,0,8.795887000014773,-20.59871254192474,
run_20251212_220235_unconstrained_grammar,38,5,63/590,0,8.882496699981857,-20.59871254192474,
run_20251212_220235_unconstrained_grammar,39,0,74*1/9,0,9.937283600011142,-20.59871254192474,
run_20251212_220235_unconstrained_grammar,39,1,73/248,0,9.051067299995339,-20.59871254192474,
run_20251212_220235_unconstrained_grammar,39,2,67-2*1,0,10.514051400008611,-20.59871254192474,
run_20251212_220235_unconstrained_grammar,39,3,9/2+81,0,10.852650099986931,-20.59871254192474,
run_20251212_220235_unconstrained_grammar,39,4,0-9/13,0,9.909105099999579,-20.59871254192474,
run_20251212_220235_unconstrained_grammar,39,5,43/186,0,9.001136799983215,-20.59871254192474,
run_20251212_220235_unconstrained_grammar,40,0,36*743,0,21.29068200002075,-21.17125921419337,
run_20251212_220235_unconstrained_grammar,40,1,36*745,0,15.696894900000188,-20.59871254192474,
run_20251212_220235_unconstrained_grammar,40,2,36*742,0,11.976059099979466,-20.59871254192474,
run_20251212_220235_unconstrained_grammar,40,3,38*706,0,10.770223899977282,-20.59871254192474,
run_20251212_220235_unconstrained_grammar,40,4,38*705,0,9.648211099993205,-20.59871254192474,
run_20251212_220235_unconstrained_grammar,40,5,38*704,0,9.360947500012117,-20.59871254192474,
run_20251212_220235_unconstrained_grammar,41,0,526/41,0,10.752713800000492,-20.59871254192474,
run_20251212_220235_unconstrained_grammar,41,1,627/40,0,8.719646899990039,-20.59871254192474,
run_20251212_220235_unconstrained_grammar,41,2,863/41,0,8.360057200014126,-20.59871254192474,
run_20251212_220235_unconstrained_grammar,41,3,4-5/72,0,8.737568199983798,-20.59871254192474,
run_20251212_220235_unconstrained_grammar,41,4,16/2*9,0,8.639671700017061,-20.59871254192474,
run_20251212_220235_unconstrained_grammar,41,5,62/260,1,8.448251199995866,3.6310231258836683,??????
run_20251212_220235_unconstrained_grammar,42,0,64/358,0,9.526943900011247,-20.59871254192474,
run_20251212_220235_unconstrained_grammar,42,1,68/592,0,8.548910599987721,-20.59871254192474,
run_20251212_220235_unconstrained_grammar,42,2,74-8/1,0,8.475865899992641,-20.59871254192474,
run_20251212_220235_unconstrained_grammar,42,3,751/42,0,8.261828899994725,-20.59871254192474,
run_20251212_220235_unconstrained_grammar,42,4,57/234,0,8.167405500018504,-20.59871254192474,
run_20251212_220235_unconstrained_grammar,42,5,512/39,0,8.208646099985344,-20.59871254192474,
run_20251212_220235_unconstrained_grammar,43,0,4*2/17,0,10.422963799996069,-20.59871254192474,
run_20251212_220235_unconstrained_grammar,43,1,82-5*4,0,8.780280100007076,-20.59871254192474,
run_20251212_220235_unconstrained_grammar,43,2,6-12/5,0,8.817754600022454,-20.59871254192474,
run_20251212_220235_unconstrained_grammar,43,3,10/469,0,9.19020409998484,-20.59871254192474,
run_20251212_220235_unconstrained_grammar,43,4,21+7/5,0,9.509331000008387,-20.59871254192474,
run_20251212_220235_unconstrained_grammar,43,5,54/189,0,9.338688399991952,-20.59871254192474,
run_20251212_220235_unconstrained_grammar,44,0,321/49,0,9.980165099987062,-20.59871254192474,
run_20251212_220235_unconstrained_grammar,44,1,764/29,0,8.97316380002303,-20.59871254192474,
run_20251212_220235_unconstrained_grammar,44,2,57+1/8,0,9.009658899973147,-20.59871254192474,
run_20251212_220235_unconstrained_grammar,44,3,1/4*65,0,9.498099899996305,-20.59871254192474,
run_20251212_220235_unconstrained_grammar,44,4,60*3/8,0,8.912688699987484,-20.59871254192474,
run_20251212_220235_unconstrained_grammar,44,5,15+6*3,0,9.017505700001493,-20.59871254192474,
run_20251212_220235_unconstrained_grammar,45,0,65/381,0,10.086530800006585,-20.59871254192474,
run_20251212_220235_unconstrained_grammar,45,1,79/284,0,8.98539190000156,-20.59871254192474,
run_20251212_220235_unconstrained_grammar,45,2,1/2-20,1,8.932771299994783,4.203569798152301,??????
run_20251212_220235_unconstrained_grammar,45,3,3/6-20,1,10.569984200003091,18.40685972443236,??????
run_20251212_220235_unconstrained_grammar,46,0,7*18/3,1,10.36060620000353,4.776116470420933,??????
run_20251212_220235_unconstrained_grammar,46,1,47-5*1,1,9.666935800021747,4.776116470420933,??????
run_20251212_220235_unconstrained_grammar,46,2,91-7*7,1,8.766504600003827,11.018941425158014,??????
run_20251212_220235_unconstrained_grammar,47,0,52*4/8,0,9.420828100002836,-20.59871254192474,
run_20251212_220235_unconstrained_grammar,47,1,27/968,0,8.526086900004884,-20.59871254192474,
run_20251212_220235_unconstrained_grammar,47,2,93/710,0,8.517942400008906,-20.59871254192474,
run_20251212_220235_unconstrained_grammar,47,3,8/15*6,0,8.333538300008513,-20.59871254192474,
run_20251212_220235_unconstrained_grammar,47,4,56/378,0,8.450980099994922,-20.59871254192474,
run_20251212_220235_unconstrained_grammar,47,5,49+5/1,0,9.744968500017421,-20.59871254192474,
run_20251212_220235_unconstrained_grammar,48,0,72/693,0,10.008647200011183,-20.59871254192474,
run_20251212_220235_unconstrained_grammar,48,1,538/94,1,8.877627299982123,4.776116470420933,??????
run_20251212_220235_unconstrained_grammar,48,2,729/41,0,8.331657500006258,-17.191026728421882,
run_20251212_220235_unconstrained_grammar,48,3,769/42,0,8.454686599987326,-17.191026728421882,
run_20251212_220235_unconstrained_grammar,48,4,420/79,0,8.456006499996874,-17.191026728421882,
run_20251212_220235_unconstrained_grammar,48,5,0*4/79,0,8.439569100009976,-17.191026728421882,
run_20251212_220235_unconstrained_grammar,49,0,0/53*9,0,9.558136799983913,-20.59871254192474,
run_20251212_220235_unconstrained_grammar,49,1,35/9*8,0,8.789168299990706,-20.59871254192474,
run_20251212_220235_unconstrained_grammar,49,2,1-5/69,0,8.652021899993997,-20.59871254192474,
run_20251212_220235_unconstrained_grammar,49,3,26/8-3,0,8.751950000005309,-20.59871254192474,
run_20251212_220235_unconstrained_grammar,49,4,2*1+69,0,8.787556800001767,-20.59871254192474,
run_20251212_220235_unconstrained_grammar,49,5,8/94*5,0,8.95914449999691,-20.59871254192474,
run_20251212_220235_unconstrained_grammar,50,0,374-58,1,11.628750199975912,4.776116470420933,??????
run_20251212_220235_unconstrained_grammar,50,1,352-36,1,9.490598800010048,11.018941425158014,??????
run_20251212_220235_unconstrained_grammar,50,2,351-35,1,10.601715800003149,17.261766379895096,??????
run_20251212_220235_unconstrained_grammar,50,3,355-39,1,9.40929499999038,17.261766379895096,??????
run_20251212_220235_unconstrained_grammar,51,0,186*45,0,21.980061400012346,-20.59871254192474,
run_20251212_220235_unconstrained_grammar,51,1,187*45,0,15.232668000011472,-20.59871254192474,
run_20251212_220235_unconstrained_grammar,51,2,13*648,1,9.938635899976362,4.776116470420933,??????
run_20251212_220235_unconstrained_grammar,51,3,702*12,1,10.453795800014632,-11.475342547526598,??????
run_20251212_220235_unconstrained_grammar,51,4,162*52,1,10.183651300001657,-8.640203406292375,??????
run_20251212_220235_unconstrained_grammar,51,5,648*13,1,9.967687600001227,-8.640203406292375,??????
run_20251212_220235_unconstrained_grammar,52,0,726/81,0,10.182625599991297,-20.59871254192474,
run_20251212_220235_unconstrained_grammar,52,1,71/638,0,9.431416800012812,-20.59871254192474,
run_20251212_220235_unconstrained_grammar,52,2,7*8/24,0,11.577782999986084,-20.59871254192474,
run_20251212_220235_unconstrained_grammar,52,3,20*3+7,0,10.524719600012759,-20.59871254192474,
run_20251212_220235_unconstrained_grammar,52,4,6+9/74,0,9.65315300002112,-20.59871254192474,
run_20251212_220235_unconstrained_grammar,52,5,85-1*9,0,10.123850600008154,-20.59871254192474,
run_20251212_220235_unconstrained_grammar,53,0,9+15/6,1,10.739464700018289,4.776116470420933,??????
run_20251212_220235_unconstrained_grammar,53,1,18/4+7,1,10.323811400012346,4.776116470420933,??????
run_20251212_220235_unconstrained_grammar,53,2,42/4+1,1,10.664795899996534,14.42662723866087,??????
run_20251212_220235_unconstrained_grammar,54,0,55*544,0,22.75448430000688,-22.316352558730635,
run_20251212_220235_unconstrained_grammar,54,1,42*715,0,17.57548319999478,-20.59871254192474,
run_20251212_220235_unconstrained_grammar,54,2,42*713,0,11.397944900003495,-20.59871254192474,
run_20251212_220235_unconstrained_grammar,54,3,47*638,0,10.6500459999952,-20.59871254192474,
run_20251212_220235_unconstrained_grammar,54,4,49*613,0,10.768242199992528,-20.59871254192474,
run_20251212_220235_unconstrained_grammar,54,5,47*639,0,10.511992200015811,-20.59871254192474,
run_20251212_220235_unconstrained_grammar,55,0,632*10,0,22.227827599999728,-20.59871254192474,
run_20251212_220235_unconstrained_grammar,55,1,623*10,0,12.170362300006673,-20.59871254192474,
run_20251212_220235_unconstrained_grammar,55,2,368*17,1,10.04667100001825,4.776116470420933,??????
run_20251212_220235_unconstrained_grammar,55,3,391*16,1,10.101671699987492,-15.97252698408671,??????
run_20251212_220235_unconstrained_grammar,55,4,420*15,0,9.68818789999932,-36.850171559872265,
run_20251212_220235_unconstrained_grammar,55,5,315*20,0,9.833991399995284,-36.850171559872265,
run_20251212_220235_unconstrained_grammar,56,0,452/79,0,9.58794189998298,-20.59871254192474,
run_20251212_220235_unconstrained_grammar,56,1,198/67,0,8.628536700009136,-20.59871254192474,
run_20251212_220235_unconstrained_grammar,56,2,5-0*74,0,8.63231210000231,-20.59871254192474,
run_20251212_220235_unconstrained_grammar,56,3,8*1/15,1,8.505738700012444,4.203569798152301,??????
run_20251212_220235_unconstrained_grammar,56,4,8*2/30,1,8.885544899996603,14.999173910929503,??????
run_20251212_220235_unconstrained_grammar,57,0,258+85,0,22.855855100002373,-inf,
run_20251212_220235_unconstrained_grammar,57,1,30*984,0,18.639626899996074,-20.59871254192474,
run_20251212_220235_unconstrained_grammar,57,2,30*985,0,11.21128519999911,-20.59871254192474,
run_20251212_220235_unconstrained_grammar,57,3,30*986,0,10.931776600016747,-20.59871254192474,
run_20251212_220235_unconstrained_grammar,57,4,34*869,1,10.381793300010031,4.776116470420933,??????
run_20251212_220235_unconstrained_grammar,57,5,36*819,0,10.583270600007381,-30.60734660513519,
run_20251212_220235_unconstrained_grammar,58,0,6*1/72,0,10.682113199989544,-20.59871254192474,
run_20251212_220235_unconstrained_grammar,58,1,7/36-8,0,9.060654900007648,-20.59871254192474,
run_20251212_220235_unconstrained_grammar,58,2,6/5-27,0,10.058426400006283,-20.59871254192474,
run_20251212_220235_unconstrained_grammar,58,3,3-24/5,0,9.542349299998023,-20.59871254192474,
run_20251212_220235_unconstrained_grammar,58,4,13/930,1,9.289357000001473,4.203569798152301,??????
run_20251212_220235_unconstrained_grammar,59,0,57/310,0,10.322785399999702,-20.59871254192474,
run_20251212_220235_unconstrained_grammar,59,1,3*46/5,0,9.329129199992167,-20.59871254192474,
run_20251212_220235_unconstrained_grammar,59,2,0/92*8,0,9.321654500003206,-20.59871254192474,
run_20251212_220235_unconstrained_grammar,59,3,9-25/8,0,9.061313600017456,-20.59871254192474,
run_20251212_220235_unconstrained_grammar,59,4,946/21,0,9.67873069999041,-20.59871254192474,
run_20251212_220235_unconstrained_grammar,59,5,25/1+9,0,9.47511410000152,-20.59871254192474,
run_20251212_220235_unconstrained_grammar,60,0,76*986,0,23.704537200013874,-inf,
run_20251212_220235_unconstrained_grammar,60,1,76*986,0,21.546250399987912,-inf,
run_20251212_220235_unconstrained_grammar,60,2,364*12,0,17.094719900022028,-20.59871254192474,
run_20251212_220235_unconstrained_grammar,60,3,341*13,1,9.686895299993921,3.6310231258836683,??????
run_20251212_220235_unconstrained_grammar,60,4,245*18,0,9.620175999996718,-29.462253260597926,
run_20251212_220235_unconstrained_grammar,60,5,243*18,0,9.21806590000051,-29.462253260597926,
run_20251212_220235_unconstrained_grammar,61,0,2/31*7,0,10.02976239999407,-20.59871254192474,
run_20251212_220235_unconstrained_grammar,61,1,0-1/86,0,9.081452699989313,-20.59871254192474,
run_20251212_220235_unconstrained_grammar,61,2,0+2/91,0,9.866295200015884,-20.59871254192474,
run_20251212_220235_unconstrained_grammar,61,3,0+2/41,0,9.564485000009881,-20.59871254192474,
run_20251212_220235_unconstrained_grammar,61,4,16*2/5,0,10.364932600001339,-20.59871254192474,
run_20251212_220235_unconstrained_grammar,61,5,16/8*4,0,9.220284400013043,-20.59871254192474,
run_20251212_220235_unconstrained_grammar,62,0,69+128,1,12.311090500006685,4.776116470420933,??????
run_20251212_220235_unconstrained_grammar,62,1,103+94,1,9.759193500009133,4.776116470420933,??????
run_20251212_220235_unconstrained_grammar,62,2,100+97,1,9.320038299978478,17.83431305216373,??????
run_20251212_220235_unconstrained_grammar,63,0,850/34,0,9.431727299990598,-20.59871254192474,
run_20251212_220235_unconstrained_grammar,63,1,2+15/6,0,9.452919500006828,-20.59871254192474,
run_20251212_220235_unconstrained_grammar,63,2,318/95,0,9.195049100002507,-20.59871254192474,
run_20251212_220235_unconstrained_grammar,63,3,98/6*4,0,8.966383099992527,-20.59871254192474,
run_20251212_220235_unconstrained_grammar,63,4,487/16,0,9.036664999992354,-20.59871254192474,
run_20251212_220235_unconstrained_grammar,63,5,8-5+61,0,9.620492499991087,-20.59871254192474,
run_20251212_220235_unconstrained_grammar,64,0,0/61+4,1,12.764318400004413,4.776116470420933,??????
run_20251212_220235_unconstrained_grammar,64,1,0*62+4,1,10.920455300016329,-8.067656734023743,??????
run_20251212_220235_unconstrained_grammar,64,2,4-64*0,1,10.225315100018634,7.611255611655157,??????
run_20251212_220235_unconstrained_grammar,64,3,4-67*0,1,10.061088899994502,21.814545537935217,??????
run_20251212_220235_unconstrained_grammar,64,4,4-65*0,1,9.954723500006367,21.814545537935217,??????
run_20251212_220235_unconstrained_grammar,64,5,4-69*0,1,10.43140349999885,21.814545537935217,??????
run_20251212_220235_unconstrained_grammar,65,0,6/51-2,0,11.410096200008411,-20.59871254192474,
run_20251212_220235_unconstrained_grammar,65,1,6+3-41,0,10.037190599978203,-20.59871254192474,
run_20251212_220235_unconstrained_grammar,65,2,89/491,1,9.563160700025037,4.203569798152301,??????
run_20251212_220235_unconstrained_grammar,66,0,63-247,1,12.93335800000932,4.776116470420933,??????
run_20251212_220235_unconstrained_grammar,66,1,13-197,1,9.181887799990363,-8.640203406292375,??????
run_20251212_220235_unconstrained_grammar,66,2,73-257,1,9.016002099990146,-8.640203406292375,??????
run_20251212_220235_unconstrained_grammar,66,3,83-267,1,9.079163699992932,-8.640203406292375,??????
run_20251212_220235_unconstrained_grammar,66,4,23-207,1,8.979865200002678,-8.640203406292375,??????
run_20251212_220235_unconstrained_grammar,66,5,53-237,1,9.675181700004032,-8.640203406292375,??????
run_20251212_220235_unconstrained_grammar,67,0,329*31,0,23.673097499995492,-21.17125921419337,
run_20251212_220235_unconstrained_grammar,67,1,35*291,0,15.875813699996797,-20.59871254192474,
run_20251212_220235_unconstrained_grammar,67,2,55*185,1,10.73002820002148,3.6310231258836683,??????
run_20251212_220235_unconstrained_grammar,67,3,925*11,1,9.58324919998995,-11.475342547526598,??????
run_20251212_220235_unconstrained_grammar,67,4,43*235,0,9.884726499993121,-30.034799932866562,
run_20251212_220235_unconstrained_grammar,67,5,11*925,1,10.09270129998913,11.018941425158014,??????
run_20251212_220235_unconstrained_grammar,68,0,7+1/50,0,10.192363099980867,-20.59871254192474,
run_20251212_220235_unconstrained_grammar,68,1,123/60,0,9.219891999993706,-20.59871254192474,
run_20251212_220235_unconstrained_grammar,68,2,67+0/2,0,9.231794299994363,-20.59871254192474,
run_20251212_220235_unconstrained_grammar,68,3,1/8-35,0,8.834121299994877,-20.59871254192474,
run_20251212_220235_unconstrained_grammar,68,4,260/71,0,9.144125999999233,-20.59871254192474,
run_20251212_220235_unconstrained_grammar,68,5,419/87,0,9.982864899997367,-20.59871254192474,
run_20251212_220235_unconstrained_grammar,69,0,14/8-5,0,11.870783099991968,-20.59871254192474,
run_20251212_220235_unconstrained_grammar,69,1,20/867,0,9.757713500002865,-20.59871254192474,
run_20251212_220235_unconstrained_grammar,69,2,5*2/43,0,9.374665700015612,-20.59871254192474,
run_20251212_220235_unconstrained_grammar,69,3,8*6/93,0,10.068248499999754,-20.59871254192474,
run_20251212_220235_unconstrained_grammar,69,4,3/10*7,0,9.641507699998328,-20.59871254192474,
run_20251212_220235_unconstrained_grammar,69,5,30/961,0,9.624288999999408,-20.59871254192474,
run_20251212_220235_unconstrained_grammar,70,0,60/2-1,0,11.473279500001809,-20.59871254192474,
run_20251212_220235_unconstrained_grammar,70,1,4/8*31,0,10.296631300006993,-20.59871254192474,
run_20251212_220235_unconstrained_grammar,70,2,365/49,0,9.761206900002435,-20.59871254192474,
run_20251212_220235_unconstrained_grammar,70,3,3/92+5,0,9.60045130000799,-20.59871254192474,
run_20251212_220235_unconstrained_grammar,70,4,1/3*68,0,9.73666389999562,-20.59871254192474,
run_20251212_220235_unconstrained_grammar,70,5,39/152,0,9.877745100005995,-20.59871254192474,
run_20251212_220235_unconstrained_grammar,71,0,0*92-1,1,11.658966099988902,4.776116470420933,??????
run_20251212_220235_unconstrained_grammar,71,1,47-6*8,1,12.21041790000163,-10.902795875257965,??????
run_20251212_220235_unconstrained_grammar,71,2,48/6-9,1,11.920188399992185,-5.2325175927895184,??????
run_20251212_220235_unconstrained_grammar,71,3,00-1*1,1,12.00065000000177,-5.805064265058149,??????
run_20251212_220235_unconstrained_grammar,71,4,0*46-1,1,11.646584300004179,-8.067656734023743,??????
run_20251212_220235_unconstrained_grammar,71,5,46*0-1,1,11.760873899998842,-8.067656734023743,??????
run_20251212_220235_unconstrained_grammar,72,0,54*830,0,23.574606699985452,-20.59871254192474,
run_20251212_220235_unconstrained_grammar,72,1,54*831,0,17.833691299980273,-20.59871254192474,
run_20251212_220235_unconstrained_grammar,72,2,54*832,0,17.197282900015125,-20.59871254192474,
run_20251212_220235_unconstrained_grammar,72,3,56*802,0,14.678087000007508,-20.59871254192474,
run_20251212_220235_unconstrained_grammar,72,4,56*801,0,13.626820999983465,-20.59871254192474,
run_20251212_220235_unconstrained_grammar,72,5,541*83,0,12.63324019999709,-20.59871254192474,
run_20251212_220235_unconstrained_grammar,73,0,9*7/24,0,9.997861100011505,-20.59871254192474,
run_20251212_220235_unconstrained_grammar,73,1,234/90,0,9.581529099988984,-20.59871254192474,
run_20251212_220235_unconstrained_grammar,73,2,27/430,0,9.736362499999814,-20.59871254192474,
run_20251212_220235_unconstrained_grammar,73,3,6*4+19,0,9.884376000001794,-20.59871254192474,
run_20251212_220235_unconstrained_grammar,73,4,9/8*63,0,9.809186799975578,-20.59871254192474,
run_20251212_220235_unconstrained_grammar,73,5,3-0/54,0,9.914067200006684,-20.59871254192474,
run_20251212_220235_unconstrained_grammar,74,0,253*02,0,23.86761790001765,-inf,
run_20251212_220235_unconstrained_grammar,74,1,823*60,1,19.71379330000491,4.776116470420933,??????
run_20251212_220235_unconstrained_grammar,75,0,1/27-0,0,23.564697599998908,-inf,
run_20251212_220235_unconstrained_grammar,75,1,1/27-0,0,20.850968800019473,-inf,
run_20251212_220235_unconstrained_grammar,75,2,450*79,0,20.351866299984977,-20.59871254192474,
run_20251212_220235_unconstrained_grammar,75,3,962*37,0,17.233352799987188,-20.59871254192474,
run_20251212_220235_unconstrained_grammar,75,4,960*37,0,14.291402600007132,-20.59871254192474,
run_20251212_220235_unconstrained_grammar,75,5,961*37,0,11.835986199992476,-20.59871254192474,
run_20251212_220235_unconstrained_grammar,76,0,4/5*70,1,10.862937500001863,4.776116470420933,??????
run_20251212_220235_unconstrained_grammar,76,1,32+4*6,1,9.812501099979272,4.776116470420933,??????
run_20251212_220235_unconstrained_grammar,76,2,88-4*8,1,9.985194999986561,10.44639475288938,??????
run_20251212_220235_unconstrained_grammar,76,3,92-4*9,1,9.962594399985392,-5.805064265058149,??????
run_20251212_220235_unconstrained_grammar,76,4,40+4*4,1,9.597920900007011,-6.377610937326782,??????
run_20251212_220235_unconstrained_grammar,76,5,15*4-4,1,9.78008850000333,-5.805064265058149,??????
run_20251212_220235_unconstrained_grammar,77,0,3+21/8,0,11.11596819999977,-20.59871254192474,
run_20251212_220235_unconstrained_grammar,77,1,41/263,0,9.869573200005107,-20.59871254192474,
run_20251212_220235_unconstrained_grammar,77,2,50-1*7,0,9.440372899989597,-20.59871254192474,
run_20251212_220235_unconstrained_grammar,77,3,8/52*3,0,10.087218500004383,-20.59871254192474,
run_20251212_220235_unconstrained_grammar,77,4,13*5/8,0,10.046842500014463,-20.59871254192474,
run_20251212_220235_unconstrained_grammar,77,5,2*0+59,0,10.20150540000759,-20.59871254192474,
run_20251212_220235_unconstrained_grammar,78,0,3/52*9,0,24.06981130002532,-inf,
run_20251212_220235_unconstrained_grammar,78,1,439*35,0,20.419386900000973,-21.17125921419337,
run_20251212_220235_unconstrained_grammar,78,2,340*45,1,14.741346099996008,4.203569798152301,??????
run_20251212_220235_unconstrained_grammar,78,3,530*29,0,11.387478999997256,-30.60734660513519,
run_20251212_220235_unconstrained_grammar,78,4,765*20,1,11.235526500007836,-8.067656734023743,??????
run_20251212_220235_unconstrained_grammar,78,5,850*18,1,10.467768199974671,-5.2325175927895184,??????
run_20251212_220235_unconstrained_grammar,79,0,0+0+0,0,22.27892090001842,-inf,
run_20251212_220235_unconstrained_grammar,79,1,289*07,0,21.03334910000558,-inf,
run_20251212_220235_unconstrained_grammar,79,2,01*134,0,19.86889399998472,-inf,
run_20251212_220235_unconstrained_grammar,79,3,01*134,0,17.971722300018882,-inf,
run_20251212_220235_unconstrained_grammar,79,4,695*85,0,15.912488799978746,-21.17125921419337,
run_20251212_220235_unconstrained_grammar,79,5,696*85,0,17.285563599987654,-21.17125921419337,
run_20251212_220235_unconstrained_grammar,80,0,19/358,0,10.683455399994273,-20.59871254192474,
run_20251212_220235_unconstrained_grammar,80,1,34/5-6,0,9.688052099983906,-20.59871254192474,
run_20251212_220235_unconstrained_grammar,80,2,38/5-0,0,9.429701200017007,-20.59871254192474,
run_20251212_220235_unconstrained_grammar,80,3,1-6/94,0,9.478753900009906,-20.59871254192474,
run_20251212_220235_unconstrained_grammar,80,4,41+3/9,0,9.955064499983564,-20.59871254192474,
run_20251212_220235_unconstrained_grammar,80,5,247/89,0,9.768082299997332,-20.59871254192474,
run_20251212_220235_unconstrained_grammar,81,0,19/6*4,0,9.997288200014737,-20.59871254192474,
run_20251212_220235_unconstrained_grammar,81,1,4*9/71,0,9.244711100007407,-20.59871254192474,
run_20251212_220235_unconstrained_grammar,81,2,105/74,0,9.294295800005784,-20.59871254192474,
run_20251212_220235_unconstrained_grammar,81,3,58/423,0,9.108096899988595,-20.59871254192474,
run_20251212_220235_unconstrained_grammar,81,4,85/3*0,0,9.557583100016927,-20.59871254192474,
run_20251212_220235_unconstrained_grammar,81,5,3+47/9,0,9.193292199983262,-20.59871254192474,
run_20251212_220235_unconstrained_grammar,82,0,14/968,0,10.502462800010107,-20.59871254192474,
run_20251212_220235_unconstrained_grammar,82,1,7/30*1,0,9.97709390000091,-20.59871254192474,
run_20251212_220235_unconstrained_grammar,82,2,4/51+3,0,9.962812999991002,-20.59871254192474,
run_20251212_220235_unconstrained_grammar,82,3,408/16,1,9.680903200001922,4.776116470420933,??????
run_20251212_220235_unconstrained_grammar,82,4,6/8*34,1,9.290041100000963,8.18380228392379,??????
run_20251212_220235_unconstrained_grammar,83,0,57/817,1,11.338318599999184,4.203569798152301,??????
run_20251212_220235_unconstrained_grammar,83,1,42/602,1,9.176926099986304,-11.475342547526598,??????
run_20251212_220235_unconstrained_grammar,83,2,9-43/1,0,9.392356700001983,-20.59871254192474,
run_20251212_220235_unconstrained_grammar,83,3,914/93,0,9.466396800009534,-21.17125921419337,
run_20251212_220235_unconstrained_grammar,83,4,941/33,0,9.371967599989148,-21.17125921419337,
run_20251212_220235_unconstrained_grammar,83,5,914/34,0,10.13997589997598,-21.17125921419337,
run_20251212_220235_unconstrained_grammar,84,0,2*3-96,1,13.29844429998775,4.776116470420933,??????
run_20251212_220235_unconstrained_grammar,84,1,0/1-90,1,11.879879099986283,11.018941425158014,??????
run_20251212_220235_unconstrained_grammar,84,2,8/4-92,1,10.484735100006219,-5.2325175927895184,??????
run_20251212_220235_unconstrained_grammar,84,3,4/4-91,1,11.21512590002385,-2.3973784515552943,??????
run_20251212_220235_unconstrained_grammar,84,4,1*4-94,1,11.161492700019153,-2.3973784515552943,??????
run_20251212_220235_unconstrained_grammar,84,5,2*4-98,1,11.767524199996842,-5.74946954357814,??????
run_20251212_220235_unconstrained_grammar,85,0,3-1/70,0,10.652722400001949,-20.59871254192474,
run_20251212_220235_unconstrained_grammar,85,1,2*7-10,0,9.753160099993693,-20.59871254192474,
run_20251212_220235_unconstrained_grammar,85,2,128/63,0,9.782794300001115,-20.59871254192474,
run_20251212_220235_unconstrained_grammar,85,3,28/413,0,10.055527200020151,-20.59871254192474,
run_20251212_220235_unconstrained_grammar,85,4,10/6*3,0,10.057167799997842,-20.59871254192474,
run_20251212_220235_unconstrained_grammar,85,5,605/79,0,9.955161299993051,-20.59871254192474,
run_20251212_220235_unconstrained_grammar,86,0,935+41,1,12.18995139998151,4.776116470420933,??????
run_20251212_220235_unconstrained_grammar,86,1,908+68,1,8.705358600011095,11.018941425158014,??????
run_20251212_220235_unconstrained_grammar,87,0,769*57,0,21.468871399993077,-21.17125921419337,
run_20251212_220235_unconstrained_grammar,87,1,674*65,0,20.168527400004677,-21.17125921419337,
run_20251212_220235_unconstrained_grammar,87,2,46*952,0,17.040328900009627,-20.59871254192474,
run_20251212_220235_unconstrained_grammar,87,3,47*933,1,12.267425900005037,4.203569798152301,??????
run_20251212_220235_unconstrained_grammar,88,0,0+0+0,0,24.452310199994827,-inf,
run_20251212_220235_unconstrained_grammar,88,1,19*162,0,19.722368199989432,-21.17125921419337,
run_20251212_220235_unconstrained_grammar,88,2,12*256,1,10.545962400006829,4.203569798152301,??????
run_20251212_220235_unconstrained_grammar,89,0,32*534,0,22.645535399991786,-21.17125921419337,
run_20251212_220235_unconstrained_grammar,89,1,407*42,1,16.11243919999106,4.203569798152301,??????
run_20251212_220235_unconstrained_grammar,89,2,30*572,0,12.762031199992634,-33.442485746369414,
run_20251212_220235_unconstrained_grammar,89,3,21*814,1,11.747292299987748,-12.04788921979523,??????
run_20251212_220235_unconstrained_grammar,89,4,63*272,0,10.891905199998291,-14.355887587187661,
run_20251212_220235_unconstrained_grammar,89,5,37*462,1,12.02414259998477,-4.659970920520886,??????
run_20251212_220235_unconstrained_grammar,90,0,64/952,1,13.08527470001718,4.776116470420933,??????
run_20251212_220235_unconstrained_grammar,90,1,16/238,1,9.079000300000189,8.18380228392379,??????
run_20251212_220235_unconstrained_grammar,91,0,6-1*50,1,11.40694459999213,4.776116470420933,??????
run_20251212_220235_unconstrained_grammar,91,1,6-10*5,1,10.951001999987056,-12.04788921979523,??????
run_20251212_220235_unconstrained_grammar,91,2,6*5-74,1,11.350137000001268,-12.04788921979523,??????
run_20251212_220235_unconstrained_grammar,91,3,6-50/1,1,12.112458699994022,-11.475342547526598,??????
run_20251212_220235_unconstrained_grammar,91,4,6-50*1,1,10.681058199988911,-12.04788921979523,??????
run_20251212_220235_unconstrained_grammar,91,5,86-130,1,12.815325899980962,8.18380228392379,??????
run_20251212_220235_unconstrained_grammar,92,0,785*90,0,25.260136500000954,-20.59871254192474,
run_20251212_220235_unconstrained_grammar,92,1,786*90,0,22.807453100016573,-20.59871254192474,
run_20251212_220235_unconstrained_grammar,92,2,91*776,0,19.064671499974793,-21.17125921419337,
run_20251212_220235_unconstrained_grammar,92,3,94*752,0,16.81241330000921,-20.59871254192474,
run_20251212_220235_unconstrained_grammar,92,4,968*73,0,15.249238699994748,-20.59871254192474,
run_20251212_220235_unconstrained_grammar,92,5,930*76,1,13.400592399993911,4.776116470420933,??????
run_20251212_220235_unconstrained_grammar,93,0,97/564,0,24.268322500021895,-inf,
run_20251212_220235_unconstrained_grammar,93,1,97/564,0,21.670928299980005,-inf,
run_20251212_220235_unconstrained_grammar,93,2,72*366,0,20.062249700014945,-21.17125921419337,
run_20251212_220235_unconstrained_grammar,93,3,71*372,1,17.467488700000104,4.203569798152301,??????
run_20251212_220235_unconstrained_grammar,93,4,73*362,0,14.286480600014329,-30.60734660513519,
run_20251212_220235_unconstrained_grammar,93,5,69*382,0,13.525515200017253,-29.462253260597926,
run_20251212_220235_unconstrained_grammar,94,0,10/746,0,10.543128799996339,-20.59871254192474,
run_20251212_220235_unconstrained_grammar,94,1,19/806,0,9.37528310000198,-20.59871254192474,
run_20251212_220235_unconstrained_grammar,94,2,2/75*4,0,9.993731700000353,-20.59871254192474,
run_20251212_220235_unconstrained_grammar,94,3,9*57/8,0,9.528449400007958,-20.59871254192474,
run_20251212_220235_unconstrained_grammar,94,4,826/19,0,10.113427800009958,-20.59871254192474,
run_20251212_220235_unconstrained_grammar,94,5,718/93,0,9.544458499993198,-20.59871254192474,
run_20251212_220235_unconstrained_grammar,95,0,5/9*84,0,11.343700900004478,-20.59871254192474,
run_20251212_220235_unconstrained_grammar,95,1,2/3*51,0,10.288861999986693,-20.59871254192474,
run_20251212_220235_unconstrained_grammar,95,2,14/2+7,0,10.125913099996978,-20.59871254192474,
run_20251212_220235_unconstrained_grammar,95,3,1/6*25,0,9.532054300012533,-20.59871254192474,
run_20251212_220235_unconstrained_grammar,95,4,183/40,0,9.613042799988762,-20.59871254192474,
run_20251212_220235_unconstrained_grammar,95,5,372/63,1,9.347187100007432,4.203569798152301,??????
run_20251212_220235_unconstrained_grammar,96,0,350+46,1,12.013498699991032,4.776116470420933,??????
run_20251212_220235_unconstrained_grammar,96,1,380+16,1,10.065387699985877,-5.2325175927895184,??????
run_20251212_220235_unconstrained_grammar,96,2,370+26,1,9.82608810000238,-5.2325175927895184,??????
run_20251212_220235_unconstrained_grammar,96,3,360+36,1,9.648671300004935,-6.377610937326782,??????
run_20251212_220235_unconstrained_grammar,96,4,330+66,1,9.28499539999757,-6.377610937326782,??????
run_20251212_220235_unconstrained_grammar,96,5,30+366,1,9.305656500015175,-2.9699251238239253,??????
run_20251212_220235_unconstrained_grammar,97,0,2*59/7,1,9.995508699998027,4.776116470420933,??????
run_20251212_220235_unconstrained_grammar,97,1,5+83/7,1,9.757187300012447,-4.659970920520886,??????
run_20251212_220235_unconstrained_grammar,97,2,4+90/7,1,10.990824600012274,-5.2325175927895184,??????
run_20251212_220235_unconstrained_grammar,97,3,8+62/7,1,10.212754500011215,-5.2325175927895184,??????
run_20251212_220235_unconstrained_grammar,97,4,18-8/7,1,10.085059099976206,11.018941425158014,??????
run_20251212_220235_unconstrained_grammar,98,0,9*17-3,1,11.423251799977152,4.776116470420933,??????
run_20251212_220235_unconstrained_grammar,98,1,6+8*18,1,9.201665100001264,4.203569798152301,??????
run_20251212_220235_unconstrained_grammar,98,2,2/1*75,1,10.696062300004996,-11.475342547526598,??????
run_20251212_220235_unconstrained_grammar,98,3,2*1*75,1,10.64518059999682,-8.640203406292375,??????
run_20251212_220235_unconstrained_grammar,98,4,15*2*5,1,10.593194300017785,7.038708939386524,??????
run_20251212_220235_unconstrained_grammar,99,0,0*82-1,1,10.481988099985756,4.776116470420933,??????
run_20251212_220235_unconstrained_grammar,99,1,5*3-16,1,10.156486799998675,-8.067656734023743,??????
run_20251212_220235_unconstrained_grammar,99,2,0*32-1,1,10.259865100000752,-5.2325175927895184,??????
run_20251212_220235_unconstrained_grammar,99,3,0*34-1,1,10.52796850001323,-5.2325175927895184,??????
run_20251212_220235_unconstrained_grammar,99,4,0*37-1,1,10.719230699993204,-5.2325175927895184,??????
run_20251212_220235_unconstrained_grammar,99,5,0*39-1,1,10.849297299981117,-5.2325175927895184,??????
