trial_id,genome_length,win_rate,num_games,num_solved,avg_guesses_solved,median_guesses_solved,avg_target_abs,mean_runtime_sec,total_runtime_sec,score,evo_pop_size,evo_genome_length,evo_generations_per_guess,evo_tournament_size,evo_crossover_rate,evo_mutation_rate,evo_elite_fraction,evo_mid_fraction,evo_min_char_index,fit_wrong_value_penalty,fit_error_tolerance,fit_value_weight,fit_green_bonus,fit_low_gray_bonus,fit_diversity_bonus_per_symbol,fit_diversity_min_symbols,fit_history_incopatibility_penalty,fit_repeat_guess_penalty
3,18,0.3,20,6,7.5,10.0,37781.93552380953,1.5372030499998801,30.7440609999976,7.5,303,20,11,4,0.7878292199418081,0.21716523050646333,0.0938210582521761,0.3428121434252439,4,25.37482901234567,70.4137452669448,0.9700571577411021,4.901674931514088,0.3689801308443932,1.0171729898696709,6,15.6789123456789,44.80624509432088
11,21,0.65,20,13,4.65,3.0,104725.3680952381,4.677766544999213,93.55533089998426,51.05,1027,20,14,3,0.6221761032892208,0.023686835941640207,0.13268144505823087,0.43065977938221567,4,25.37482901234567,71.91330537105836,1.2908426339675976,15.416218469992854,1.7398356591835302,2.8392851063819022,6,15.6789123456789,3.1774775915830813
6,27,0.4,20,8,7.0,10.0,116724.12301587302,5.101825125000142,102.03650250000283,19.0,424,20,27,4,0.7892019586865207,0.09677884537248516,0.10645627330695098,0.31901660554194083,4,25.37482901234567,88.90151724789611,0.5751369877742929,7.729169417691112,0.2983506343133311,1.5486531746849024,5,15.6789123456789,20.09630334397812
12,29,0.45,20,9,6.4,10.0,175208.56711745233,5.335883699999977,106.71767399999953,25.799999999999997,1141,20,11,4,0.5926086561560557,0.1511568391510972,0.13593812744092734,0.3322010124089104,4,25.37482901234567,51.6977371013442,0.6384844862434513,2.924593216196543,0.9393978900569829,1.7380599557488012,4,15.6789123456789,44.60103025179526
9,17,0.6,20,12,5.6,5.0,68255.19416666668,9.592151365000063,191.84302730000127,43.2,647,20,37,4,0.9844413332284969,0.12138003901665759,0.0668801311477448,0.46879229598736494,4,25.37482901234567,88.42012507495159,1.1163286239422008,2.340357671838372,2.612862700756016,0.2948179938286163,3,15.6789123456789,23.274530223089076
13,20,0.4,20,8,7.0,10.0,85807.44544055118,9.7646887050003,195.29377410000598,19.0,1122,20,19,6,0.7149663863257574,0.06576322789555128,0.12633113576186855,0.47195601818859445,4,25.37482901234567,20.11595940651693,0.6401969932992677,10.580658676950618,0.6730011821435863,2.592851185504941,5,15.6789123456789,35.29070928954817
0,15,0.45,20,9,6.45,10.0,112168.21666666665,10.462290440000107,209.24580880000212,25.65,1297,20,19,4,0.46480326292325297,0.15134174822082175,0.04931937664710244,0.4138136807161532,4,25.37482901234567,46.51853811001251,0.8895683430001232,13.981909075330357,0.17197168935868914,1.3596096310464323,4,15.6789123456789,8.981084402390232
14,24,0.55,20,11,5.65,6.0,145272.701875,9.025091255000007,180.50182510000013,38.050000000000004,496,20,47,2,0.9732723828357707,0.07048410548571367,0.05753417278768913,0.4505745276226646,4,25.37482901234567,69.55450020552257,1.118253246004112,7.022885442971074,1.5696055685318477,0.34660573136632067,4,15.6789123456789,30.853783088587207
4,11,0.65,20,13,5.35,4.0,53794.14819444444,11.147435959999893,222.94871919999787,48.95,715,20,39,6,0.4404817436288189,0.1673503062559639,0.06834068415387257,0.12005055472815306,4,25.37482901234567,46.153775726403666,1.5028059716390518,17.108641626996633,0.7310844116100018,2.615911508716466,5,15.6789123456789,20.493383768578777
15,15,0.65,20,13,4.75,3.0,108349.90892857143,8.656672620000062,173.13345240000126,50.75,842,20,31,3,0.4159949221487979,0.2502955482612381,0.08273629485453718,0.4671280163050331,4,25.37482901234567,23.23864592305193,0.7874820858399145,8.271494402556572,3.9967568349381057,2.7840823749491546,4,15.6789123456789,48.20753000697785
17,14,0.55,20,11,5.95,6.0,54352.36749999999,8.6189379250005,172.37875850001,37.150000000000006,563,20,35,5,0.5256930227968414,0.1461574952739545,0.14687320323864567,0.30993808641391174,4,25.37482901234567,32.115387469706555,1.3826169373106998,15.119589836349256,1.2845903869518638,1.2649560843784577,3,15.6789123456789,26.969963194056998
10,18,0.8,20,16,3.7,2.0,90153.31561904761,15.904528394999943,318.09056789999886,68.9,1106,20,50,3,0.5299629693817967,0.19944958209688823,0.015662099706115606,0.15220540698504134,4,25.37482901234567,57.96016122244899,1.6698425354505164,3.7860906712853097,0.29789523111270144,0.723232666747832,4,15.6789123456789,37.330630176535145
20,21,0.35,20,7,7.7,10.0,49336.736952380954,5.993730604999837,119.87461209999674,11.899999999999999,995,20,11,2,0.6859843559544229,0.20402943194187662,0.047787796683557926,0.23661229236208678,4,25.37482901234567,60.86907738734555,0.528808357279846,17.26156974374033,4.644306182490487,2.317939662994036,5,15.6789123456789,49.58069274278176
5,23,0.45,20,9,6.35,10.0,86699.57315710871,16.660255735000465,333.2051147000093,25.950000000000003,1499,20,25,6,0.5575026650632254,0.10690623482420564,0.08061551971442563,0.3688694464393605,4,25.37482901234567,68.4728970843978,1.2022283995790461,15.799830676871684,2.389092857744085,1.8419903473931645,6,15.6789123456789,34.10352158017171
23,30,0.55,20,11,6.2,6.0,34280.60982202263,3.6600798600000415,73.20159720000083,36.400000000000006,329,20,24,2,0.5305935693745765,0.294551045906519,0.1309649417054005,0.47132374305593483,4,25.37482901234567,50.83992026544967,1.875417541363105,19.097109382359978,0.8223212082897391,1.3451579242434453,4,15.6789123456789,6.174105982653044
7,14,0.55,20,11,5.75,5.0,137473.72621279763,19.115527135000413,382.3105427000082,37.75000000000001,1132,20,44,2,0.4441085791838803,0.29085728461555704,0.1259392941243375,0.26276812388580384,4,25.37482901234567,27.03409425450941,1.5285625820821998,10.347197622185181,1.389792680039031,1.6664522815220155,5,15.6789123456789,14.339350636509538
1,20,0.6,20,12,5.15,3.0,113258.70672619047,19.15907049999969,383.1814099999938,44.55,1202,20,45,3,0.9976463403440241,0.08255604464752873,0.11289927989355597,0.44612616749914824,4,25.37482901234567,40.27875860315276,1.8404355539634134,6.385748623471816,4.758221614947809,0.254223691467228,5,15.6789123456789,6.013671304271819
8,29,0.35,20,7,7.55,10.0,88336.68696428572,19.693676694999702,393.8735338999941,12.350000000000001,1484,20,25,6,0.7029881039267298,0.0328395512538217,0.038334883155443804,0.2965574402942424,4,25.37482901234567,26.63349664844809,1.9546251734965268,5.0678830435549065,0.696826745729273,2.63472695801863,5,15.6789123456789,5.6717013771711535
22,10,0.6,20,12,5.55,4.0,14442.233192883892,9.884589815000435,197.69179630000872,43.35,495,20,48,5,0.8235476827459891,0.11868582241115341,0.011765145680742273,0.16235380509621578,4,25.37482901234567,58.78744070298911,1.5472022483385683,8.380868729812551,2.575229763495011,2.237334505737566,6,15.6789123456789,28.630835438008724
27,29,0.6,20,12,6.05,6.0,94312.10416666667,6.054466559999673,121.08933119999347,41.85,1095,20,12,5,0.6988450609599386,0.02427379006162475,0.010214848709099023,0.3041366068580503,4,25.37482901234567,12.758843635884183,0.5424888821897879,17.56475482975993,1.9357984192143065,1.2968404824027384,3,15.6789123456789,44.35842388219056
16,26,0.5,20,10,6.55,10.0,63275.49609723978,18.48180077499983,369.6360154999966,30.35,1098,20,35,3,0.4504782144483285,0.045416928597212344,0.030877405487563583,0.4623347448397379,4,25.37482901234567,38.242270947200026,1.292231300795544,10.965402348143584,3.738313279511463,0.07602551410226188,5,15.6789123456789,19.70942152539719
30,28,0.6,20,12,5.2,4.0,50478.093888888885,5.423747130000083,108.47494260000167,44.4,462,20,31,6,0.8290461106756584,0.282606461500535,0.02263275078446018,0.3350086601237877,4,25.37482901234567,74.43207401430365,0.7934537752965917,17.909387116357998,3.7870972278876276,0.4735740997834733,3,15.6789123456789,28.30275882247406
24,13,0.5,20,10,6.75,10.0,83505.08557556359,10.6981794550009,213.963589100018,29.75,687,20,32,4,0.4243482828420276,0.22291858052113345,0.13098770720936662,0.4449700069331184,4,25.37482901234567,24.130174926795092,1.498321790272859,17.886814310218206,1.5874263515203493,1.8445799956310074,3,15.6789123456789,44.450357802521694
18,10,0.55,20,11,5.55,4.0,211340.140625,18.78141915499964,375.6283830999928,38.35000000000001,1285,20,37,5,0.8227982195488728,0.2675465405897779,0.12449929655116222,0.21604497986778473,4,25.37482901234567,75.70687305176052,0.8198525968521493,2.995524851245267,0.9381114256640289,2.996109626420357,6,15.6789123456789,12.752561918739223
21,28,0.6,20,12,5.45,5.0,121166.95555555556,17.884811689999697,357.69623379999393,43.65,1472,20,30,5,0.5944238582892638,0.05687640571793793,0.051841852528615215,0.28612060417334534,4,25.37482901234567,92.91776054840396,0.5741955037604656,12.172020746643538,0.7849851686324516,2.551670376744368,6,15.6789123456789,38.491783153781725
35,20,0.45,20,9,6.5,10.0,89342.72569444445,4.813892445000238,96.27784890000476,25.5,634,20,16,4,0.4201134228067309,0.07043144156243333,0.11413654079546806,0.22030894079365476,4,25.37482901234567,28.09305299750444,0.7248966121293565,14.77012962623594,1.3154189590990029,2.198240682915894,6,15.6789123456789,24.60192952687992
25,26,0.45,20,9,6.6,10.0,73384.39318007663,13.970352924999679,279.4070584999936,25.200000000000003,929,20,32,5,0.536907723723509,0.06404336543528026,0.05836311531548609,0.1722544422498105,4,25.37482901234567,84.64046491219241,1.2105926016032948,19.390892547210562,1.2850401169286734,1.1969560263065202,6,15.6789123456789,19.175213188342276
31,10,0.4,20,8,7.45,10.0,82334.95714285715,10.520235119999779,210.40470239999559,17.65,399,20,49,6,0.42383627416263564,0.023779738455278726,0.14099506127293815,0.21883898680484581,4,25.37482901234567,42.13019087526898,1.4087992814348445,8.839524011037192,4.934645573180179,2.496221039196252,3,15.6789123456789,48.06671880107321
2,21,0.45,20,9,7.3,10.0,12624.935431277545,30.48043617000003,609.6087234000006,23.1,1328,20,45,3,0.5652459422245294,0.21957951094371272,0.08022955415826016,0.2024462150894497,4,25.37482901234567,48.50013131552035,0.6505863564481158,3.3418045798744354,0.8571902251926153,1.671405804418565,4,15.6789123456789,11.957631970285385
28,14,0.75,20,15,3.95,2.0,67385.31969480519,13.71686029499997,274.3372058999994,63.15,1035,20,42,5,0.9400231885901227,0.2321470320919191,0.04455075326959517,0.40733378061432257,4,25.37482901234567,96.7732448804356,1.1834888914352124,4.538705561077571,1.3874889215864787,0.12723520700713598,4,15.6789123456789,18.527822829041614
19,13,0.6,20,12,5.0,4.0,114434.78565674604,21.242221719999726,424.8444343999945,45.0,1387,20,44,5,0.5403082096914844,0.23138231145502353,0.08333383657547247,0.2330747896535081,4,25.37482901234567,21.268305856834438,0.8562942932251971,7.119377622407468,4.573391216452171,0.5896125117294688,3,15.6789123456789,3.0148547582036356
33,25,0.7,20,14,4.65,3.0,81632.63866134752,10.405146065000007,208.10292130000016,56.05,906,20,32,4,0.5688875896051143,0.2668975178388051,0.07223176248359464,0.49402680071228344,4,25.37482901234567,93.63232289274534,0.9243373444535474,11.753962117019755,2.946932843963585,1.0509792167964318,5,15.6789123456789,31.0447307758273
37,20,0.3,20,6,7.65,10.0,70452.09298941799,5.323397464999834,106.46794929999669,7.049999999999997,853,20,12,3,0.729888888372063,0.018652072224315204,0.06179785049398167,0.23079922075414494,4,25.37482901234567,39.10835368960361,0.8196586787504592,17.07390016838091,4.033071753115189,0.9006678628009208,4,15.6789123456789,47.006959806635734
45,20,0.25,20,5,8.6,10.0,127588.22978670635,2.9278045900000507,58.55609180000101,-0.7999999999999972,408,20,12,5,0.40278132164933594,0.06929762247247079,0.12084579309021294,0.4149255066404628,4,25.37482901234567,25.58025445193527,1.3474400753902802,11.151029278820404,4.996161271422136,1.9289604595345782,3,15.6789123456789,23.90059816837399
39,10,0.6,20,12,5.55,5.0,83445.77389514024,6.798757515000216,135.97515030000432,43.35,1093,20,15,3,0.4320878780991443,0.14210538611712822,0.08017553786433823,0.13982286130373245,4,25.37482901234567,68.45949896864443,1.6517080911766664,15.436537338058988,4.019320238674785,2.1950458818229377,3,15.6789123456789,34.24296822790195
32,24,0.6,20,12,5.0,2.0,155253.1540674603,15.169528250000258,303.39056500000515,45.0,1437,20,31,4,0.6271898173042524,0.11805279589906549,0.10516558339989576,0.3122859218735107,4,25.37482901234567,39.17292892481763,1.8456269898503321,10.864913790227428,3.1613265124159624,2.244736026058826,3,15.6789123456789,32.82827659464532
41,20,0.65,20,13,4.75,2.0,159769.76564806272,7.547398420000354,150.94796840000708,50.75,635,20,35,5,0.7747850219879122,0.2728300145440785,0.1420640329670758,0.22089901887257068,4,25.37482901234567,40.02641398752479,1.918855668412926,3.370192347784722,3.5119295491392193,1.7578761914143728,5,15.6789123456789,2.294670800544737
42,21,0.6,20,12,5.4,5.0,142173.3646586085,7.82817509999968,156.5635019999936,43.8,1208,20,16,6,0.5865293334706833,0.08744608084037372,0.03373347100318666,0.27688358823750453,4,25.37482901234567,59.79516985702237,1.619037595403734,5.478568277613969,0.24721223339665807,1.0896290803430277,6,15.6789123456789,34.94571623938108
44,29,0.85,20,17,3.25,3.0,97371.02047619046,7.52767435500009,150.5534871000018,75.25,1172,20,24,5,0.5818938784378299,0.2527936000844437,0.05834154671418394,0.387998132102759,4,25.37482901234567,27.217898968600494,1.776784684463966,15.616324000801153,3.3043005362924944,0.615862727400502,6,15.6789123456789,7.556976780895937
29,27,0.6,20,12,5.5,4.0,180213.5438888889,21.347126434999883,426.94252869999764,43.5,1211,20,43,3,0.43746170345851426,0.02901291297371461,0.030928235558003392,0.2773012782200071,4,25.37482901234567,96.12906543875835,0.7521357916570597,5.876302517617731,4.147785830740049,1.7220075918288251,6,15.6789123456789,23.241114608516153
38,14,0.4,20,8,7.0,10.0,122468.7568252924,12.073704979999821,241.4740995999964,19.0,547,20,48,3,0.622021202685608,0.069540540693242,0.1274424491100784,0.4554619794635342,4,25.37482901234567,58.19268878772513,1.0477793975781122,19.007482561840934,3.189722169601856,2.61058670812418,5,15.6789123456789,39.18434514251437
26,10,0.4,20,8,6.4,10.0,109642.70974504032,24.64557087000012,492.9114174000024,20.799999999999997,1490,20,40,2,0.6275551897082756,0.0712359512271718,0.11444215019884764,0.12603058038082693,4,25.37482901234567,36.66098057492285,0.8436130689777361,15.19895182163264,3.085648354926042,0.7190176546473601,3,15.6789123456789,49.42283771945792
43,19,0.7,20,14,4.2,3.0,115220.34001325555,10.641896030000135,212.8379206000027,57.4,718,20,50,2,0.5993152291490836,0.24908897733413884,0.1006243845389483,0.41500372276366193,4,25.37482901234567,94.73862102464749,0.6829825546984143,19.99272618103769,2.0812374601292905,0.46043274683967117,5,15.6789123456789,6.684132746300874
40,21,0.75,20,15,4.45,4.0,56368.50158163265,11.600177929999882,232.00355859999763,61.65,861,20,38,3,0.6465784556646613,0.05357967935780577,0.024298082907037576,0.3168639469815518,4,25.37482901234567,42.504863451110474,1.7446235464573994,4.722762058914668,0.35295994116452367,0.28909045203046313,6,15.6789123456789,17.070941410104872
49,14,0.45,20,9,6.85,10.0,108534.51772222221,6.1377419099997494,122.75483819999499,24.450000000000003,580,20,22,3,0.7201553941043597,0.16057810293352126,0.11225325409942914,0.2597436747054086,4,25.37482901234567,35.825800823646055,1.8673026964984198,14.500341565434406,0.8237601292388181,1.9583424564998508,4,15.6789123456789,2.1207094387215415
47,24,0.35,20,7,7.15,10.0,85652.84513767483,6.783905744999902,135.67811489999804,13.549999999999997,366,20,41,3,0.5592566394986217,0.11866556940764267,0.1460256535035772,0.49317840206389174,4,25.37482901234567,31.869158856338085,1.753134064573012,17.359628233372952,4.581073276467705,2.318828077281887,3,15.6789123456789,46.12289408706673
54,18,0.65,20,13,5.45,5.0,34809.03999999999,4.044307079999816,80.88614159999634,48.65,585,20,16,3,0.6401280595864339,0.18038952618261828,0.12726711683404487,0.16833623218716234,4,25.37482901234567,18.990444064136934,1.2218856720802758,3.031581942441515,3.055783274735416,0.39324992543551507,3,15.6789123456789,47.63689872047034
50,30,0.5,20,10,6.35,10.0,115278.14050000001,7.046390519999659,140.92781039999318,30.950000000000003,1464,20,10,4,0.6435136754191821,0.02698955302468188,0.07195280170478632,0.4988818609819432,4,25.37482901234567,56.662718016674404,1.9530385816360523,9.967998471965572,3.531188534287878,0.30523278434567425,6,15.6789123456789,45.171639822593384
34,10,0.6,20,12,5.3,4.0,123199.19698306506,21.40810905999988,428.1621811999976,44.1,1234,20,44,5,0.4342322978049923,0.08075495043167705,0.042494906571909324,0.36995937729418327,4,25.37482901234567,54.77255545090097,1.7077596943010849,8.281252599385743,0.9028018097200349,1.6623498274387907,6,15.6789123456789,33.233401653617335
57,24,0.25,20,5,8.4,10.0,8191.716552486594,5.893564220000371,117.87128440000743,-0.20000000000000284,863,20,11,6,0.7335263097438169,0.021582413132479245,0.1341930222725575,0.4711282860582561,4,25.37482901234567,37.78204192370451,1.730816932441844,17.900221668448275,3.2796226356425033,1.6551782829482802,5,15.6789123456789,10.564311028990586
60,30,0.3,20,6,8.2,10.0,49874.27835648148,3.8681950549998874,77.36390109999775,5.400000000000002,337,20,20,4,0.881316549944447,0.1084767034779977,0.10433684834610513,0.3812895168715259,4,25.37482901234567,40.45180125086857,0.6181462316265387,8.12255478052825,2.641964953920282,1.033035553808776,5,15.6789123456789,3.8587944718817067
56,13,0.3,20,6,8.1,10.0,102343.97116666667,7.694700610000109,153.89401220000218,5.700000000000003,477,20,29,5,0.8148527204256579,0.2576850712043598,0.11687035011801013,0.23454653098494238,4,25.37482901234567,20.08932673580331,1.7770198968680067,16.3940970992452,1.9362361461851008,2.3606198742104536,5,15.6789123456789,44.302478850485016
48,25,0.45,20,9,7.0,10.0,66650.16802768488,13.058373529999699,261.167470599994,24.0,630,20,41,5,0.7034770478390896,0.04974644477781162,0.08351925392257638,0.1558803286571128,4,25.37482901234567,84.06941282864253,1.415995613689226,19.448540850671844,4.7039785651090025,2.1578729508843377,4,15.6789123456789,10.459384743139122
36,28,0.7,20,14,5.3,4.0,6615.803485351857,25.20798796500003,504.1597593000006,54.1,1496,20,40,2,0.5092628207596859,0.2190591446598756,0.1082675862987438,0.4872676462011538,4,25.37482901234567,58.15096598436348,1.3316110830843906,14.557961111124698,0.4745352141616018,1.8582639839161086,4,15.6789123456789,21.980327822954106
52,14,0.75,20,15,4.5,4.0,104211.7554326923,13.586131324999405,271.7226264999881,61.5,1233,20,29,6,0.5610132014800013,0.2962445073498169,0.12969486775076056,0.33147477068713177,4,25.37482901234567,73.85944697968102,0.8005966193292324,17.27465472535402,4.4099413360765665,1.1529684440977217,3,15.6789123456789,7.259950280320592
61,26,0.45,20,9,6.65,10.0,10895.865178571428,7.524922295000033,150.49844590000066,25.049999999999997,501,20,31,3,0.82155930804241,0.14751916284273478,0.028196494619258695,0.47989477489481946,4,25.37482901234567,69.38447452528754,1.4484921826844097,16.518059500062236,0.36752736151520526,1.7573833713050926,3,15.6789123456789,34.61532071915941
65,17,0.3,20,6,7.85,10.0,51917.72241794872,4.382568374999937,87.65136749999874,6.450000000000003,303,20,26,2,0.36381309822923313,0.15385746373917078,0.0927269346379233,0.2612726264395071,4,25.37482901234567,65.17885412273105,1.028540158084921,13.884030997505427,2.8922777269273117,1.7382161867653398,5,15.6789123456789,9.226202554149936
63,18,0.55,20,11,6.1,6.0,127057.14325396826,6.097876260000339,121.95752520000678,36.70000000000001,539,20,24,2,0.5119705603931612,0.26029552481599605,0.07131461905302094,0.4246252532479444,4,25.37482901234567,33.40319078041493,1.37672613523249,17.940897262349505,2.1510331681780643,0.9673675262125326,4,15.6789123456789,18.09990812962085
59,14,0.3,20,6,8.3,10.0,136558.74951960734,11.660432470000524,233.20864940001047,5.099999999999998,1422,20,13,4,0.8068361185379122,0.026021762240850732,0.08419539478603423,0.4960437714242819,4,25.37482901234567,24.681536900594587,0.6155241463198371,3.9699470158203782,0.46167009223568567,2.7574580971425258,3,15.6789123456789,19.197484606048725
55,23,0.7,20,14,5.2,5.0,152209.56922413796,13.608952405000128,272.17904810000255,54.4,799,20,40,3,0.7769492694274434,0.21386244150391978,0.12353849195025944,0.4270951995103399,4,25.37482901234567,21.816522790868117,1.3357437055337897,6.7625397939081555,4.246148819840389,0.7525575767544672,6,15.6789123456789,28.797018798950585
68,29,0.75,20,15,5.0,5.0,91454.11722222222,3.9343306149994532,78.68661229998906,60.0,730,20,12,4,0.36723271988723677,0.257362769685255,0.09517383660945773,0.13272760107267423,4,25.37482901234567,77.878301961127,1.5054666621912836,11.739793298086422,3.5420142084521413,1.2214907893797122,5,15.6789123456789,25.529735722860423
53,13,0.55,20,11,5.75,5.0,169448.38374999998,15.672592734999672,313.4518546999934,37.75000000000001,1329,20,28,6,0.8652382882632503,0.0993230854773082,0.14637174743801584,0.2877124602769648,4,25.37482901234567,15.756838214086379,1.9218805350060328,16.189014137271315,4.327600107912054,1.8165082087903586,6,15.6789123456789,15.852267816139237
46,22,0.65,20,13,4.95,3.0,107583.59418244308,22.618625805000192,452.37251610000385,50.15,1215,20,49,6,0.8499371286255695,0.29368270412381803,0.1059646930099325,0.13776443176892178,4,25.37482901234567,98.11730936054474,0.5650003533980918,7.973720080532702,3.6511619289000725,2.8130456881979455,6,15.6789123456789,33.198457960368486
67,21,0.5,20,10,5.95,10.0,130494.99542857143,6.6864268200004515,133.72853640000903,32.15,366,20,43,2,0.8333777821349864,0.047954636429102804,0.01036302417886098,0.19150875557644897,4,25.37482901234567,85.07226093004333,1.2190520298059742,16.523063065004692,3.6074032440514814,1.7574388715823759,6,15.6789123456789,10.040316433966364
58,21,0.7,20,14,4.75,4.0,114590.04933955913,15.59207547499991,311.8415094999982,55.75,938,20,44,5,0.6203865254948415,0.2890449827711548,0.08159371584879152,0.35530537315005895,4,25.37482901234567,50.82026309496808,1.4199292588043197,13.314459495623836,4.451739266870301,0.8064599258552522,6,15.6789123456789,39.15570668760576
66,21,0.7,20,14,5.0,5.0,124100.85013137152,9.006692994999138,180.13385989998278,55.0,1498,20,14,2,0.7504004427900748,0.061853822560006606,0.08051519530283055,0.2901798216232795,4,25.37482901234567,72.43209794201324,0.5401810199455166,2.134439265153402,1.4781460330257552,0.44768441505608625,4,15.6789123456789,10.858352401343609
51,20,0.7,20,14,4.65,4.0,85590.84756423684,21.00774388000009,420.1548776000018,56.05,1308,20,43,6,0.819200102312445,0.11394877755561868,0.043972429829696506,0.24386286868597332,4,25.37482901234567,35.57928999934158,0.6678335107542214,4.483466041803838,3.4726985692493284,0.11247437639975066,4,15.6789123456789,28.691755777182312
70,29,0.6,20,12,6.1,6.0,69266.69559152094,6.153448374999789,123.06896749999578,41.7,904,20,14,3,0.4645936976704894,0.19026132103728527,0.09809717606621353,0.15325812000921102,4,25.37482901234567,48.2369426243884,1.7107786729072325,19.06329378552708,4.757738457942128,2.7605870780703152,4,15.6789123456789,40.27534543909689
77,30,0.3,20,6,7.9,10.0,87846.78122619048,3.03776745999985,60.755349199997,6.299999999999997,362,20,15,2,0.804207899329295,0.08239378918332627,0.0875193740619428,0.42808896359988813,4,25.37482901234567,93.47343270633874,1.6135520673333275,18.855049820050453,0.6402274092540928,1.3934705074368163,6,15.6789123456789,31.40756027706066
64,12,0.35,20,7,7.5,10.0,81130.97362433863,11.85253460499971,237.0506920999942,12.5,503,20,44,6,0.9730090595116692,0.06626421113798453,0.07963488085801,0.4679964191583138,4,25.37482901234567,67.42171209881226,0.6535714819618177,16.032027642934686,4.8611315965237045,1.6932173221011588,3,15.6789123456789,48.99262716959699
72,20,0.7,20,14,5.05,5.0,126452.4902370304,7.0106845200001775,140.21369040000354,54.85,824,20,21,2,0.9586929480523646,0.09809867103196872,0.07970838089988025,0.4772085465236596,4,25.37482901234567,15.277110507008153,1.969266734962749,9.685580810312489,0.9192527741022932,2.530676750877776,5,15.6789123456789,38.43352074033177
78,26,0.75,20,15,3.95,2.0,175097.75,5.032987455000148,100.65974910000295,63.15,436,20,35,6,0.8010998149951971,0.2676982338466673,0.0754940148694412,0.32382602268459115,4,25.37482901234567,96.29388834726903,1.4846650180223926,13.901577153742517,3.6242311385902446,1.4636137575612325,6,15.6789123456789,3.5610093241909793
71,15,0.35,20,7,8.0,10.0,125182.25380952381,9.894817655000043,197.89635310000085,11.0,1278,20,13,3,0.46895199399891563,0.0303113479472987,0.09414700780714119,0.21947296659154236,4,25.37482901234567,10.452503758766184,1.0109508938596758,3.2347902721459674,0.8073966951084097,2.8295732874774857,4,15.6789123456789,26.570616232892093
82,16,0.35,20,7,7.8,10.0,118037.56178479854,3.9684797899999467,79.36959579999893,11.600000000000001,511,20,13,2,0.7574289204110999,0.11284554205600782,0.05428868159306161,0.19246960742567173,4,25.37482901234567,36.153428644834534,1.3875309998804295,4.751542966875334,2.49091644166715,2.7497244515357075,5,15.6789123456789,26.075780724113617
74,15,0.5,20,10,6.95,10.0,64074.0612856614,7.585054455000318,151.70108910000636,29.15,586,20,23,6,0.5201229677509343,0.23923073483874108,0.0508826549537559,0.14520428417752457,4,25.37482901234567,81.45758313605083,0.6386350139445288,15.794548960094803,1.939833188676732,1.8386309572426407,5,15.6789123456789,37.66982456314853
76,18,0.7,20,14,5.35,5.0,84770.79000000001,8.163680449999447,163.27360899998894,53.95,1425,20,12,4,0.876793577614929,0.2880639666457542,0.12121249236658496,0.13003774871559903,4,25.37482901234567,96.29599914041889,1.7130947579014066,3.528791982745927,0.7619376564164309,2.6244691668587135,3,15.6789123456789,14.118170808882835
73,20,0.65,20,13,5.05,4.0,182749.94752581758,9.816186965000089,196.32373930000176,49.85,613,20,41,4,0.42845865999759064,0.10121772940470632,0.08558478611932206,0.48039106603867876,4,25.37482901234567,63.296171941720594,1.235696860736578,14.51004231285603,4.673138728948536,0.21113479599980423,6,15.6789123456789,16.69134858872546
84,21,0.6,20,12,5.65,6.0,146982.54275263954,5.975073949999205,119.5014789999841,43.05,683,20,18,5,0.35865057258632277,0.10572319631888336,0.04767172230379311,0.27409917526619176,4,25.37482901234567,99.85984974810495,0.6597515036801505,11.028734416713032,4.867675665449107,0.33046563722963973,6,15.6789123456789,46.484355969804064
90,30,0.6,20,12,5.15,3.0,53240.86053900791,2.9959734549996937,59.919469099993876,44.55,636,20,11,5,0.654895006035777,0.17326023226609752,0.08568555167261228,0.23262773800868375,4,25.37482901234567,75.85776357654652,1.1199769699302067,8.534710994524342,2.727731048843032,0.09765102471583842,6,15.6789123456789,9.741203566120712
85,25,0.65,20,13,5.15,4.0,48596.43087121212,5.499662059999901,109.99324119999801,49.55,478,20,27,2,0.8459248724990988,0.06461555766806475,0.07311490113262066,0.1932203376445385,4,25.37482901234567,87.6969239398158,1.437631082759881,17.102433128851143,3.6058481842777135,0.9090797842007485,6,15.6789123456789,11.569965804512407
80,18,0.6,20,12,5.35,6.0,180672.7429908453,10.209856485000092,204.19712970000182,43.95,561,20,43,6,0.8090722416378597,0.06770206620648254,0.10401310891417218,0.27274655995310904,4,25.37482901234567,33.98396559371922,1.746436409152825,8.101035152395935,2.0231687764090807,1.3762627757169739,4,15.6789123456789,33.800508091808
89,10,0.35,20,7,7.5,10.0,113829.39682839012,5.049919049999881,100.99838099999761,12.5,466,20,19,2,0.4765869134844387,0.024907508806142092,0.13958598453953885,0.3300602272621436,4,25.37482901234567,71.1381265268339,0.5822748457397375,4.1549858837684654,2.9204931549060076,1.0571093252010828,4,15.6789123456789,2.727359686586836
81,22,0.45,20,9,6.6,10.0,95083.23151493931,10.42476220999979,208.4952441999958,25.200000000000003,778,20,26,3,0.5087728793057437,0.038705524825989705,0.012983572694238651,0.1560822480234687,4,25.37482901234567,69.45367508480456,0.6133659210960738,3.405430220198916,2.317668752142863,0.9305261154520417,6,15.6789123456789,25.062209053596426
62,27,0.55,20,11,5.95,4.0,27133.735436507937,25.363986520000616,507.27973040001234,37.150000000000006,1302,20,42,3,0.9567313179133763,0.26570236681316234,0.0998853270949683,0.22013040279502827,4,25.37482901234567,72.66068894628336,1.6895328407294967,9.228820315839165,3.9208433439700707,2.2227016256991052,4,15.6789123456789,22.847960321039526
79,29,0.55,20,11,5.75,6.0,98071.47342151674,13.406229894999706,268.1245978999941,37.75000000000001,1162,20,26,4,0.886563547506492,0.286545565634257,0.07027603635966166,0.2196843305099419,4,25.37482901234567,58.49172591452005,0.5932277825031893,10.44513360607143,1.8640338914575196,2.892943518484838,6,15.6789123456789,2.706663623947616
87,25,0.6,20,12,5.4,6.0,230335.0203415916,8.884478959999432,177.68957919998866,43.8,493,20,44,5,0.6845033689269504,0.22495030123093837,0.1451923024397169,0.35758430109672046,4,25.37482901234567,31.371631455142882,1.5367748381971513,9.836988407855753,4.635855425520866,0.5761359977233826,4,15.6789123456789,44.69854997165905
91,14,0.45,20,9,6.7,10.0,34736.15756410257,6.080437845000415,121.6087569000083,24.9,472,20,25,3,0.9621981555179402,0.2842835278215346,0.01746465267660084,0.2197954085797433,4,25.37482901234567,49.825689429558665,1.2691407941381836,10.296938568828349,1.105163608417778,2.8776743925748693,3,15.6789123456789,47.01284416241729
94,23,0.45,20,9,6.65,10.0,103138.94606794295,5.206514404999325,104.1302880999865,25.049999999999997,922,20,11,5,0.8666680230757084,0.05338278188195263,0.056218529949564,0.45421423160078245,4,25.37482901234567,46.76347623797608,1.019030825681358,13.366622724715949,3.5616659484263833,2.1791513188394425,6,15.6789123456789,30.36824016623695
75,11,0.7,20,14,5.2,5.0,147523.2661111111,18.845864454999354,376.9172890999871,54.4,1163,20,38,2,0.773626104074544,0.21472847902679285,0.05631106707610912,0.24261412969582566,4,25.37482901234567,42.46539877735142,0.5247935632697425,14.865144485555064,3.17453447495349,2.8912915293702643,6,15.6789123456789,32.024012739356095
96,10,0.45,20,9,6.8,10.0,88947.34597222223,5.602478384999631,112.04956769999262,24.6,355,20,32,5,0.4916814615908204,0.03550690632370528,0.0912464764438346,0.12907997656586737,4,25.37482901234567,78.88086720421843,1.9491042547455297,4.098759607038831,4.68528362816751,2.0334601648377797,3,15.6789123456789,36.22226113739215
95,23,0.45,20,9,6.95,10.0,173168.03054563495,8.433122514999377,168.66245029998754,24.15,1104,20,15,4,0.7355084449249456,0.08651815957415684,0.12472807176392522,0.36868423325926203,4,25.37482901234567,76.63538592306757,1.0932693162451868,11.739616301171612,4.736904937930558,2.5118825538220033,3,15.6789123456789,34.93282983773509
103,13,0.3,20,6,7.75,10.0,173099.75154761906,2.3590233349999834,47.18046669999967,6.75,377,20,12,4,0.41308365722884355,0.21954606818598504,0.11114045704154495,0.19340812536036936,4,25.37482901234567,37.099080459949064,1.2624762177661615,8.945548644633721,3.52289845372399,1.117971735873349,6,15.6789123456789,37.96958427341098
97,17,0.9,20,18,3.0,3.0,129107.42598039214,7.8438925799999195,156.8778515999984,81.0,831,20,34,6,0.6805308796870692,0.17381855110623712,0.03770622091693812,0.30424904017411164,4,25.37482901234567,44.54603244028198,0.56776551748018,4.116711611193843,2.7867368195564834,0.057613028275984024,6,15.6789123456789,3.985114765224288
86,27,0.4,20,8,6.95,10.0,27766.438214285714,14.942480989999968,298.84961979999935,19.15,923,20,32,3,0.4716639483819724,0.2023030046981177,0.10305680200254248,0.36470418911485536,4,25.37482901234567,90.75879590788165,1.4042986173199719,9.281619335087301,1.244205765986217,1.5113357277165853,6,15.6789123456789,7.701569799713121
88,25,0.55,20,11,5.5,4.0,61474.18827380952,14.68212534000013,293.6425068000026,38.50000000000001,915,20,42,2,0.3603490488209715,0.28519335644491023,0.09450626336846747,0.34555759144430964,4,25.37482901234567,21.451467459999236,1.7929510363870302,8.729872128718235,0.8377543534113242,1.5631992260673702,6,15.6789123456789,27.405865613220286
98,30,0.65,20,13,4.8,3.0,117812.86170634921,7.709888674999638,154.19777349999276,50.6,1365,20,16,2,0.6813976997071025,0.29974900323465997,0.09343204951100634,0.17152115171396312,4,25.37482901234567,94.64725459665016,0.8132797815528541,18.912011333709646,4.550964727494324,0.4847686595661611,3,15.6789123456789,27.564520359255628
69,12,0.6,20,12,5.35,5.0,119006.31077601411,27.15317777500004,543.0635555000008,43.95,1366,20,49,5,0.3971313531957911,0.280783241789463,0.05362099988220319,0.3622704021355142,4,25.37482901234567,81.8588641983587,1.4301435953264765,17.854614523013204,4.245000139715376,2.0379811738899267,5,15.6789123456789,30.856617283136277
92,13,0.7,20,14,4.45,2.0,61226.72415873016,12.508060235000267,250.16120470000533,56.65,724,20,50,4,0.8403227409367466,0.23739968173974577,0.13282051776121864,0.21502294975750577,4,25.37482901234567,95.26311154213826,1.3782171980771478,19.48945257662741,1.894069793964617,2.3072464633997307,5,15.6789123456789,41.9195049146144
83,21,0.45,20,9,6.65,10.0,107810.70060185184,21.209415385000103,424.18830770000204,25.049999999999997,992,20,42,3,0.4542275616423881,0.015341359582343264,0.09417803901155684,0.22253902578095533,4,25.37482901234567,77.55160688064309,1.5796766597515,11.837216939438976,2.0236019164868444,2.0014302526849317,6,15.6789123456789,23.92726126766157
101,18,0.4,20,8,7.2,10.0,54670.69804292929,8.286326855000334,165.72653710000668,18.4,1253,20,13,2,0.7642052500672742,0.08185946562189565,0.1459368125514817,0.3110514860701882,4,25.37482901234567,43.13550245067004,0.72410810251841,3.1923944026115594,1.559379978821927,1.2871553155622515,3,15.6789123456789,43.86382938486047
105,20,0.7,20,14,5.0,3.0,274683.15,5.354827235000267,107.09654470000532,55.0,357,20,39,4,0.46098954990767527,0.17828927050661447,0.06252955852242663,0.3737533653739772,4,25.37482901234567,24.274072673248046,1.9032823805854084,13.680182917469546,2.56839637922089,2.439958467391282,6,15.6789123456789,9.683068532903059
108,21,0.55,20,11,5.85,6.0,20199.43149239782,6.937709214999813,138.75418429999627,37.45000000000001,1014,20,15,2,0.8847824069927995,0.285506154657602,0.011438238375851648,0.28063459936289736,4,25.37482901234567,68.73269374456339,1.465029739864681,2.4652872720726906,4.6252954716956385,2.015188376393689,6,15.6789123456789,27.457878786346907
102,30,0.45,20,9,6.65,10.0,111036.06873529412,11.364174664999883,227.28349329999764,25.049999999999997,1059,20,22,5,0.3718415367802025,0.11862820914052363,0.045621888636586,0.210704816315612,4,25.37482901234567,72.24480867303731,1.1366477469009864,18.36478151873618,2.100088572460653,2.469707205015016,6,15.6789123456789,17.42538518049919
100,23,0.55,20,11,6.0,6.0,52465.21155326031,12.932245145000161,258.6449029000032,37.00000000000001,586,20,48,5,0.9164907384668408,0.030871632369184193,0.01414363471615488,0.3850362523092371,4,25.37482901234567,91.5633800627608,1.4944371262765825,3.400311730247105,4.8031857242305716,0.6659394112424428,3,15.6789123456789,46.204735275799734
93,26,0.5,20,10,6.3,10.0,78711.82900694445,18.12508552500003,362.5017105000006,31.1,1018,20,38,6,0.43083469545203784,0.197488762466298,0.037359341873810514,0.11345533998202369,4,25.37482901234567,25.101674221840476,1.8681506088635227,12.631991166371161,4.314091655674521,1.8960156411054028,4,15.6789123456789,29.585369301688658
99,17,0.55,20,11,5.35,3.0,64592.19771825396,14.165832180000143,283.31664360000286,38.95000000000001,1074,20,35,4,0.49055523363519227,0.06039546815652872,0.017726567819296307,0.4947868611990077,4,25.37482901234567,76.16376643110499,1.416402146924863,2.681084325048249,0.31186514440865143,0.9072276966354291,6,15.6789123456789,16.746880378534176
109,22,0.5,20,10,6.1,10.0,43248.279806231,7.26065288000027,145.2130576000054,31.700000000000003,543,20,30,6,0.56233740465826,0.19098248326494077,0.13850412385420435,0.2016159652775647,4,25.37482901234567,63.212767652055966,0.9157215930978821,7.111437023368484,0.8812209516481712,1.763777690367343,4,15.6789123456789,7.394407214648188
104,12,0.6,20,12,5.05,3.0,154400.75916666668,8.828148780000083,176.56297560000166,44.85,929,20,26,4,0.904156788762857,0.01248985774238635,0.10430460978817781,0.3926539550650143,4,25.37482901234567,99.80578138821319,1.9609113253495716,19.834984677200367,3.3295829444336014,0.9349729099276892,5,15.6789123456789,46.86927820933426
106,27,0.5,20,10,6.15,10.0,165697.78928571427,8.724768349999612,174.49536699999226,31.549999999999997,477,20,39,6,0.3630774610423536,0.022050796837045906,0.018745473355628407,0.2641467205604445,4,25.37482901234567,53.45982163928229,1.6509660246284272,18.335245140747343,0.7206574534601701,1.0469042543727414,3,15.6789123456789,45.44120991362422
112,28,0.6,20,12,5.4,4.0,104092.18958333333,6.299321080000118,125.98642160000236,43.8,358,20,44,4,0.9263149929499367,0.03169015022380275,0.1401721129983437,0.4812739453173802,4,25.37482901234567,59.70929823178152,1.0154438108465735,4.768498591274627,0.4598876677240219,1.3197809772280888,4,15.6789123456789,20.417791701751202
111,24,0.6,20,12,5.45,5.0,133924.93460454972,9.667857285000355,193.3571457000071,43.65,709,20,32,4,0.372478421343226,0.19958664501560344,0.1149545382259973,0.18310304011322392,4,25.37482901234567,69.67938208592437,1.0290484973834313,2.2610210169612524,3.6761604398308814,0.1093135939333103,6,15.6789123456789,19.069225514844046
107,14,0.65,20,13,4.3,2.0,150960.42857525608,13.328392140000142,266.56784280000284,52.1,1355,20,32,4,0.9982216096349782,0.25866939163641894,0.0316455684906232,0.24874388971372818,4,25.37482901234567,67.78103350397596,1.9627143768594504,9.818282010703374,4.5017424467038465,1.8885311736268422,5,15.6789123456789,13.268363405900555
119,28,0.45,20,9,6.75,10.0,93126.8801432443,5.039447789999758,100.78895579999516,24.75,524,20,20,4,0.649947633891697,0.27468348295022293,0.14699946731749747,0.418969318968182,4,25.37482901234567,20.110157498056452,1.2653616069419469,13.067939278507218,4.00985850311127,2.480674348064036,3,15.6789123456789,46.08192798867733
117,18,0.55,20,11,5.9,5.0,4327.442818740399,5.698812614999952,113.97625229999903,37.300000000000004,885,20,14,5,0.5567970621181976,0.15521469101822777,0.023986343257303158,0.4094665499851494,4,25.37482901234567,30.513917270891664,0.6132149117492979,2.278989951516456,1.190952009619162,0.7444901298109032,4,15.6789123456789,30.71288443791404
122,13,0.35,20,7,7.8,10.0,35244.251087486555,6.145031535000089,122.90063070000178,11.600000000000001,956,20,11,3,0.7708756343194406,0.28744191143946185,0.14486035833946279,0.13084174051135414,4,25.37482901234567,47.946262495680514,1.8166331860111653,14.987368964477632,1.6224789711021295,1.8492952475460365,5,15.6789123456789,9.757961605340961
114,15,0.55,20,11,5.45,5.0,90931.0931230312,9.892763999999806,197.85527999999613,38.650000000000006,1295,20,19,2,0.9603197271683209,0.25601370686693276,0.08174474024772133,0.4772195543872486,4,25.37482901234567,57.0185528303557,0.8854032196547703,10.818423764555764,0.5175750745409811,0.20054446675630833,3,15.6789123456789,4.231015009826417
120,29,0.4,20,8,6.75,10.0,202273.96912442395,7.287742660000186,145.7548532000037,19.75,808,20,20,3,0.7242274999577109,0.18919357395909883,0.050024181558048615,0.49825721171227366,4,25.37482901234567,95.61023777342135,0.9283849062620629,16.267667235638704,0.3920008210563215,2.313853597663914,4,15.6789123456789,37.58034350293582
121,29,0.55,20,11,5.65,4.0,156577.3523809524,9.999200044999634,199.98400089999268,38.050000000000004,1315,20,18,5,0.5314362959899686,0.0957657916098667,0.09520594282492834,0.10404237688886969,4,25.37482901234567,75.37093055547517,0.6094490759254056,9.921676369397048,0.684094463011194,0.4720328285074564,5,15.6789123456789,38.09609821608637
123,10,0.45,20,9,6.65,10.0,88585.18421934867,9.344387339999958,186.88774679999915,25.049999999999997,1310,20,14,4,0.8645332440431471,0.21771571516076052,0.019989974392193313,0.42988828407153157,4,25.37482901234567,96.61487618805756,0.766692845615065,17.5832620388518,2.8275895836575486,2.049723581308956,4,15.6789123456789,47.40020019064187
130,26,0.2,20,4,8.7,10.0,136666.91760519866,3.5126708400001005,70.25341680000201,-6.099999999999998,511,20,11,6,0.972712201262608,0.046981834181474884,0.08865972253233226,0.2953152568287071,4,25.37482901234567,56.62435760594041,0.8362803316249205,2.3497595251888805,0.4616007563652559,2.8828077778597763,4,15.6789123456789,32.11028960446372
116,20,0.65,20,13,5.2,4.0,258223.71070577725,11.176730039999892,223.53460079999786,49.4,826,20,35,3,0.8240855849514783,0.15507890294981883,0.08884810112990962,0.46835264683353917,4,25.37482901234567,17.860174052502774,1.5206823129874807,8.022910807049534,1.5524060645647066,2.986823731604812,5,15.6789123456789,48.696381089095546
110,12,0.5,20,10,6.7,10.0,43569.87654332011,19.571589485000185,391.4317897000037,29.9,1137,20,34,4,0.7548339797892221,0.15587747774170835,0.14012425433937012,0.36549151045848294,4,25.37482901234567,61.016059578304166,0.6823298479795329,2.1790360389931536,2.213226994072845,1.1915596365385026,5,15.6789123456789,28.558407007160284
113,15,0.6,20,12,5.5,5.0,35717.88285714285,16.285324705000495,325.7064941000099,43.5,1033,20,37,2,0.6601519355900283,0.024174745083938923,0.10267427422503418,0.4440064282063477,4,25.37482901234567,79.3149432367622,1.8628791858534708,9.79794190083239,3.1668379517519862,2.7082268091716895,5,15.6789123456789,12.409332392716712
124,20,0.35,20,7,7.4,10.0,124839.6426724138,10.318629014999896,206.37258029999794,12.799999999999997,545,20,37,4,0.8072010523014247,0.03387097931294963,0.1227959430920619,0.4477193703827024,4,25.37482901234567,85.43848303763635,0.8189659360825201,4.837315399696799,1.2491283864527223,2.814793004675403,4,15.6789123456789,10.236875982602204
126,30,0.5,20,10,6.3,10.0,122640.27619342245,10.40664031500055,208.132806300011,31.1,577,20,39,3,0.3764095354969499,0.15866768927958733,0.03154362377415936,0.354446300270422,4,25.37482901234567,26.9344567426244,1.962182658582557,8.870940604835667,0.7319679426978699,2.181416900282221,4,15.6789123456789,20.363014395544315
129,19,0.55,20,11,5.75,5.0,165181.14041666666,9.005702525000197,180.11405050000394,37.75000000000001,947,20,22,3,0.5619806061722674,0.2595213559495896,0.11871632083352954,0.28648950743119334,4,25.37482901234567,41.79274057624632,1.1198502822802607,17.146400883536835,2.2052428298684803,2.160200035377028,4,15.6789123456789,47.09314762500692
137,21,0.65,20,13,6.0,6.0,171392.77857142856,4.101730209999369,82.03460419998737,47.0,768,20,10,5,0.9333232618208172,0.2532832778940414,0.03275078731475901,0.3506500361066798,4,25.37482901234567,32.55600701859735,1.365549008345993,3.447068889163357,4.061380326225754,2.60691868671832,4,15.6789123456789,40.203618241238445
127,10,0.65,20,13,5.15,4.0,64580.85328680286,11.953622124999857,239.07244249999712,49.55,703,20,41,6,0.8389137963651866,0.23374752723403597,0.14037088696502842,0.3663341387609449,4,25.37482901234567,21.84321904831827,1.6827389521342642,15.435230041867367,2.665352914140014,0.9561759534861911,6,15.6789123456789,7.712840586182354
133,16,0.7,20,14,4.9,4.0,108515.00214285715,6.826789284999904,136.5357856999981,55.3,400,20,43,5,0.9204567310173137,0.24892850585682874,0.048863061666018094,0.14848082147182673,4,25.37482901234567,68.28998186292908,0.6674352630091434,3.962597807507346,3.6294214342982145,0.8314971750524881,5,15.6789123456789,34.76443957645377
132,28,0.85,20,17,3.55,2.0,33720.24385276572,9.125771850000092,182.51543700000184,74.35,640,20,45,4,0.8619960855992307,0.2252570176952944,0.08948618756272923,0.404241172443087,4,25.37482901234567,29.73440924257735,1.9141624842468157,15.199557255011726,3.9316639795478427,0.3452551432096781,6,15.6789123456789,9.94167220677554
135,30,0.65,20,13,5.75,5.0,112703.1010549522,7.5782922650005276,151.56584530001055,47.75,1400,20,11,3,0.962811101546446,0.14709069300603453,0.0509206538985613,0.4937664295322256,4,25.37482901234567,63.437162182925725,1.1499151414697295,18.578888066435496,2.1757154404172794,1.2227784836625895,4,15.6789123456789,38.943201033897
134,27,0.45,20,9,7.1,10.0,116672.14797180367,9.84917213999961,196.9834427999922,23.700000000000003,851,20,21,6,0.8354490704158241,0.1520018434194654,0.016552071033058273,0.16638326246173835,4,25.37482901234567,11.773197006749998,0.5430021341861886,5.493418245753756,1.4295572786051538,1.7719808926627882,5,15.6789123456789,15.598823949314433
138,16,0.4,20,8,7.05,10.0,131767.1092688107,6.471483980000267,129.42967960000533,18.85,484,20,27,6,0.9250939187367386,0.024028470742770272,0.07013689839171763,0.39729162441391275,4,25.37482901234567,33.20245789846213,0.915635834595187,2.483385803761778,1.6489989692810896,0.5559211433236929,4,15.6789123456789,41.257410107281
141,29,0.6,20,12,5.35,5.0,100315.83232142856,4.459670179999739,89.19340359999478,43.95,845,20,13,4,0.9997064154222649,0.19599363148066098,0.08724086744501493,0.2204651341790955,4,25.37482901234567,92.15250480373484,1.522220508606905,14.81452953830086,1.262251476387822,2.8516758291466107,6,15.6789123456789,3.4225690292229154
144,21,0.6,20,12,5.5,5.0,117695.95446428572,2.64006124500047,52.8012249000094,43.5,349,20,19,4,0.7428463766573237,0.29931646245786164,0.020066970295560083,0.4344983334357869,4,25.37482901234567,91.45036317993855,0.7718750176593703,8.835988310939118,1.3162016008897626,0.3719083000173784,6,15.6789123456789,22.802246074122365
140,30,0.45,20,9,6.4,10.0,156637.31913888888,5.562557449999804,111.25114899999608,25.799999999999997,330,20,39,5,0.6264500006495559,0.1139684061945077,0.04064484055275207,0.4273524366158986,4,25.37482901234567,78.25414505086043,1.43583933774055,8.211078262341026,3.7758323024340212,2.292490521880765,6,15.6789123456789,46.434305300545255
142,12,0.5,20,10,6.5,10.0,73255.23897369315,5.525474054999722,110.50948109999445,30.5,368,20,32,5,0.388736148093082,0.07142425023508914,0.08829880362695945,0.22127275503233515,4,25.37482901234567,77.25678545694049,0.8751475180557259,13.054421999635409,3.52075256667314,0.8412506062125937,3,15.6789123456789,32.137367162851376
131,16,0.4,20,8,7.1,10.0,77693.90940656565,13.055565134999416,261.1113026999883,18.700000000000003,1448,20,18,2,0.9067119090060165,0.24818201084525304,0.055944693681535915,0.18515243350308636,4,25.37482901234567,76.68512952669441,0.5078735677485184,14.330093423312876,1.3267039422989733,2.073237376360565,4,15.6789123456789,46.908399485781025
128,26,0.55,20,11,6.3,5.0,56412.7117739283,16.865333115000432,337.3066623000086,36.10000000000001,1243,20,28,3,0.6864060924213414,0.09989485128988143,0.0659203400331962,0.49330993176947924,4,25.37482901234567,94.36940800159897,1.0025293597944611,10.256258364415967,0.4371086880912466,1.1669438481043133,5,15.6789123456789,2.3025285365734334
118,10,0.5,20,10,6.3,10.0,90246.94787698414,23.74431192999946,474.88623859998916,31.1,1100,20,47,2,0.8181267905948575,0.20953649906560706,0.05033672523935369,0.28310651616157984,4,25.37482901234567,98.60993194526672,1.0622364589596929,13.492076496244712,3.652902137764218,0.5759644477785034,3,15.6789123456789,14.324847955264778
136,16,0.4,20,8,7.1,10.0,119931.11924019607,11.178196789999674,223.5639357999935,18.700000000000003,1339,20,17,4,0.7085373103110031,0.19934052006555655,0.11234689405344273,0.30374846979390424,4,25.37482901234567,20.081130610041406,1.0322010373609758,12.913150420266307,4.209500600407015,2.5102926648280706,5,15.6789123456789,4.757610077002887
115,21,0.7,20,14,5.35,5.0,138462.5729166667,25.475074040000074,509.50148080000145,53.95,1403,20,40,6,0.5473878956525549,0.05161334535145694,0.05394549271159919,0.4713905860954053,4,25.37482901234567,96.84479856126423,0.7559088763023403,18.88905938193118,1.2968899157412872,2.4993827821254415,4,15.6789123456789,36.97684900027852
125,12,0.4,20,8,6.8,10.0,96247.92859126984,19.354465844999503,387.0893168999901,19.6,1146,20,35,5,0.6972436546801183,0.024636571491316074,0.10788023838943742,0.3128408820210171,4,25.37482901234567,31.133680132290753,1.7617726531944653,6.61457050319587,3.5053646048332903,0.39576525606092694,5,15.6789123456789,49.98584366640637
150,26,0.6,20,12,5.7,5.0,144192.50006493507,3.2143966949995955,64.28793389999191,42.9,316,20,25,5,0.6986963712630214,0.17230774257418263,0.09282061289344906,0.3728073691710896,4,25.37482901234567,77.67378215017912,1.3028609984818575,16.281403026114624,2.138823181360763,2.426099144181753,6,15.6789123456789,35.724251643773634
146,27,0.75,20,15,4.3,3.0,102704.68603896102,5.2873162950003465,105.74632590000692,62.1,376,20,44,2,0.8030560531885633,0.28061670424334256,0.03323870894863386,0.4383993922494833,4,25.37482901234567,97.18059529125242,1.8929241108517905,9.656358451584435,3.4806270750858808,0.5092988091451914,4,15.6789123456789,36.069298623832196
139,15,0.65,20,13,5.8,5.0,194498.4349404762,12.013236000000507,240.26472000001013,47.6,1249,20,21,4,0.9349301287243312,0.08458649296561738,0.12698388210875253,0.2801709706232326,4,25.37482901234567,40.78370516962001,1.2727576860396468,10.514902040204754,3.5133428636467805,2.9854134187389114,3,15.6789123456789,28.61740182079835
153,24,0.75,20,15,4.35,3.0,29095.42634930385,5.847136440000395,116.9427288000079,61.95,628,20,26,6,0.9396800068792284,0.1585283463792285,0.020508775555031035,0.4450132299191457,4,25.37482901234567,48.11694766876548,0.8250510050980183,17.462174263400463,4.095959424596276,0.002999479532338367,3,15.6789123456789,12.471313648052323
152,29,0.65,20,13,5.2,4.0,103573.14091924796,7.345997669999997,146.91995339999994,49.4,548,20,35,3,0.9124779797542907,0.2938946518541601,0.02957576010198918,0.11562478269053554,4,25.37482901234567,78.19429802678611,0.7188275297023012,12.505564734129264,4.848472605106095,1.6964227902095126,3,15.6789123456789,31.94203454255673
147,10,0.6,20,12,5.85,5.0,22115.22388888889,10.483024620000469,209.6604924000094,42.45,939,20,25,4,0.7686068880233471,0.12821654289172346,0.06764871552667419,0.21655512669916785,4,25.37482901234567,84.38373913029841,1.2048397258064407,15.258991476084244,1.7165439382288177,0.042623933538110004,4,15.6789123456789,25.647857107496723
154,14,0.4,20,8,7.6,10.0,114824.47722222222,9.590799495000464,191.8159899000093,17.200000000000003,1242,20,14,5,0.7046232732262157,0.01727102255248771,0.06913064264621946,0.1482044305599319,4,25.37482901234567,20.95252728871255,1.1872171757745076,5.145821310353657,3.276821579133909,2.726739744391445,6,15.6789123456789,21.450181652549134
143,14,0.7,20,14,4.5,3.0,89939.00089285713,13.92390718500028,278.4781437000056,56.5,1491,20,27,6,0.4497940157325349,0.2693158865499228,0.039380413166916074,0.3648311483685327,4,25.37482901234567,13.358690329628947,1.4220856978694303,3.315041993773127,3.8381314703078107,0.8783057726099406,6,15.6789123456789,49.90238662964972
148,21,0.65,20,13,4.95,3.0,127266.22908333335,11.122185615000308,222.44371230000615,50.15,1272,20,24,5,0.9932596168937686,0.1412764246222398,0.09604897836018501,0.12555758654190768,4,25.37482901234567,95.02759430482257,1.1798307137532738,3.6946317881631145,3.816251843289889,1.5639349054067657,4,15.6789123456789,23.865921140296525
151,30,0.5,20,10,6.1,10.0,54306.680893645665,10.88693258000003,217.7386516000006,31.700000000000003,656,20,40,5,0.7693958225008595,0.24493094307215166,0.07347022801074804,0.1613319394551883,4,25.37482901234567,80.13562245106937,1.9651886477918261,14.862910249079249,1.891996064914011,2.5704645733929246,5,15.6789123456789,6.760709245095763
158,18,0.45,20,9,6.7,10.0,31441.76454362208,7.248138155000561,144.96276310001122,24.9,422,20,38,5,0.36524785787293695,0.19974892338707198,0.0203593634535345,0.1515482427664379,4,25.37482901234567,47.7280846812141,1.5651361609145442,2.753506822804194,3.5019243885658975,0.5662052351467847,5,15.6789123456789,18.16832627611346
161,20,0.55,20,11,6.2,6.0,83827.90660419613,5.434889839999778,108.69779679999556,36.400000000000006,543,20,22,6,0.6948126373876924,0.17501734168749972,0.1287200141548081,0.2823063343426657,4,25.37482901234567,92.86290349478423,1.0561169602337972,12.464174758908014,4.882489854151158,2.237674195268479,5,15.6789123456789,37.79071795929564
157,18,0.45,20,9,6.4,10.0,117774.08370357144,10.647564184999828,212.95128369999657,25.799999999999997,1244,20,20,2,0.4836056300087972,0.10994496046015417,0.011090284389746798,0.12535406950268657,4,25.37482901234567,32.862653084802716,1.7149470067270034,19.762838588789705,0.34723612181531965,0.505153299961586,4,15.6789123456789,27.22002062467345
166,23,0.4,20,8,6.9,10.0,106374.5264265622,3.6301172000001314,72.60234400000263,19.299999999999997,395,20,21,6,0.43788731024730354,0.07764834260824949,0.1413680369181791,0.1939558858736505,4,25.37482901234567,35.55608489921157,1.035479527813394,18.114828411690873,2.971630447826933,1.708302317759303,6,15.6789123456789,7.507138814098539
159,16,0.75,20,15,3.75,2.0,21154.60081729006,10.296034329999747,205.92068659999495,63.75,1124,20,33,6,0.5273034953024438,0.2562144454896524,0.045326490208332314,0.34445734898496405,4,25.37482901234567,57.21905679250771,0.7523441785933938,3.692627774517489,2.375999936450454,0.42239687100792367,5,15.6789123456789,25.699078870938454
155,27,0.55,20,11,6.05,6.0,143206.61284722222,14.967733600000248,299.35467200000494,36.85000000000001,823,20,42,6,0.6162019709560191,0.02381655459357156,0.11927930651370514,0.2608878953118363,4,25.37482901234567,97.51766139001222,0.9575590350399181,14.742583836460147,2.9403402874164537,1.8656630892590467,3,15.6789123456789,9.275868505603874
145,15,0.35,20,7,7.35,10.0,129179.52888888889,18.497422224999717,369.94844449999437,12.950000000000003,820,20,49,2,0.7277938586346056,0.13738623651388276,0.08085161239444665,0.4625971111511029,4,25.37482901234567,53.66354292563297,1.0912540504609787,3.825802335514223,0.38728589655467016,2.41733929333424,6,15.6789123456789,7.74744722064416
149,22,0.55,20,11,5.95,6.0,96587.67387587822,17.091381915000238,341.82763830000476,37.150000000000006,881,20,47,4,0.7711294122947634,0.21226404107836117,0.10265194742003621,0.21266186405919463,4,25.37482901234567,43.444592721669856,0.5532291168348753,6.567366631952523,4.537997535089862,2.1350685926964803,6,15.6789123456789,45.747450902610346
162,20,0.5,20,10,6.35,10.0,25615.23531414859,8.425753794999945,168.51507589999892,30.950000000000003,545,20,36,2,0.4588412094020877,0.12488417300893752,0.02105399397419268,0.3822727579986296,4,25.37482901234567,64.59814681889006,0.9546525902030513,17.31271842278332,1.5337364764356605,2.5406684506616672,6,15.6789123456789,44.001940629286096
165,22,0.5,20,10,6.0,10.0,52131.20474678346,8.14603040500042,162.9206081000084,32.0,1347,20,15,4,0.5235640799413406,0.2766756698206688,0.12410162717632278,0.1584801856587432,4,25.37482901234567,13.88444627999974,0.563288454850371,16.72251702525727,2.9485870052001815,2.9482162041898223,5,15.6789123456789,26.66654231984949
169,18,0.65,20,13,4.5,2.0,79118.36538340233,4.970484985000439,99.40969970000879,51.5,1281,20,12,3,0.5512013058975951,0.14739955839541447,0.10274974891713315,0.20883240108260132,4,25.37482901234567,79.39849585496894,1.074740331991373,7.849328490679293,2.8851702110758346,0.6420219149453537,4,15.6789123456789,29.213419442163115
171,16,0.8,20,16,4.35,4.0,46533.379838709676,4.880726274999506,97.61452549999012,66.95,687,20,19,4,0.6044270360322176,0.2227432760645328,0.06041427693764615,0.14170838012709208,4,25.37482901234567,42.73845568908617,1.7625630033944186,15.476737489757078,1.3925306002682447,0.913808644721832,6,15.6789123456789,47.554607049101705
156,25,0.6,20,12,5.0,3.0,65442.229444444434,19.708827815000042,394.1765563000008,45.0,1484,20,38,5,0.6176694880200957,0.2179534257378842,0.05100043940926143,0.29446304907016607,4,25.37482901234567,88.24047990455225,0.5442331781496095,4.69915897844804,0.9435168394256098,2.120731978415126,6,15.6789123456789,6.8307318390890375
160,24,0.3,20,6,7.7,10.0,60362.89869174652,15.10614891999976,302.1229783999952,6.899999999999999,1271,20,25,4,0.5906831784731778,0.10969020807572052,0.021620928890888114,0.40208559102618835,4,25.37482901234567,36.45341737820449,0.5008730528075933,16.665745731714534,3.027134122414982,2.9939539504125317,4,15.6789123456789,17.455135736008344
163,30,0.55,20,11,5.75,5.0,166860.80292117017,12.83922689999963,256.7845379999926,37.75000000000001,790,20,44,2,0.864430797715485,0.16757182368706283,0.10560823967389137,0.1806484173904937,4,25.37482901234567,56.074719868983124,0.9540690166607215,2.65744646764234,4.954378280477837,1.5675648473812336,3,15.6789123456789,8.82209943724863
172,22,0.55,20,11,5.75,5.0,103635.96384920634,7.910307430000285,158.2061486000057,37.75000000000001,460,20,44,3,0.889920409185514,0.019278777932520526,0.10253486720472135,0.4892512386206287,4,25.37482901234567,75.63845141980092,0.5197118246121836,16.95631736340253,2.562154893336316,1.0017934902071908,6,15.6789123456789,23.483444826271445
170,30,0.45,20,9,7.0,10.0,83053.59180764412,9.725963630000114,194.5192726000023,24.0,454,20,44,6,0.7174483535843711,0.08949713221612712,0.04189029880540289,0.29177146704549084,4,25.37482901234567,15.603802531309393,1.2541734937651399,16.768651667987367,0.606723826158781,0.22736455721498605,5,15.6789123456789,22.572962315586683
176,25,0.75,20,15,4.1,3.0,49214.363145340074,5.764089794999563,115.28179589999127,62.7,542,20,33,6,0.6669198941538936,0.1882964381724094,0.06059859212073306,0.324110520585893,4,25.37482901234567,67.90837216911939,1.5325193902053817,9.361539383403562,0.6871190628096954,1.531762994983442,6,15.6789123456789,33.52336025627756
178,21,0.4,20,8,7.5,10.0,41018.033650793644,5.995702164999784,119.91404329999568,17.5,885,20,12,5,0.921498748435713,0.0681138919297627,0.0709073678160416,0.10109061520932744,4,25.37482901234567,81.5668147511626,0.5975372194123694,15.637898111076561,1.6569969530191213,1.0399573918217577,3,15.6789123456789,5.746601331026573
173,12,0.7,20,14,4.4,3.0,269847.4104514688,10.668210444999932,213.36420889999863,56.8,1008,20,32,5,0.802293398595465,0.023737455342665366,0.11755161676118894,0.17990120184076608,4,25.37482901234567,98.70691817247639,1.2748518413549417,8.994271364558102,1.2000141696368944,0.8787695239935064,5,15.6789123456789,19.59236052595846
180,28,0.5,20,10,6.4,10.0,38087.250073529416,5.582487609999589,111.64975219999178,30.799999999999997,1078,20,11,4,0.5658627519247145,0.28514970427683,0.01962827188942534,0.4568848385409545,4,25.37482901234567,88.43053267735876,1.6307598642589811,19.36203154963689,3.3397487522433766,2.769258567477655,3,15.6789123456789,46.34434382025008
177,15,0.75,20,15,4.1,3.0,199719.816875,8.549702640000032,170.99405280000065,62.7,612,20,45,4,0.9693208522440513,0.1272621001603468,0.028289944874219652,0.2014616807736899,4,25.37482901234567,18.065932915628935,0.7773498846315319,13.03389518073343,4.81027736832268,0.8642745054889545,4,15.6789123456789,13.369237685803665
174,25,0.55,20,11,5.65,5.0,87610.03360805861,11.357123649999995,227.14247299999988,38.050000000000004,979,20,30,5,0.8114821867399455,0.12877275556961637,0.01236773136895232,0.3124226861455677,4,25.37482901234567,11.250172712344241,1.3903343694264967,13.469405424067977,1.2144269278830742,2.8411060298296094,6,15.6789123456789,11.248433903880509
182,26,0.65,20,13,5.1,3.0,127768.00476190475,4.68922434499982,93.78448689999641,49.7,395,20,32,4,0.6751977858271594,0.1743057026273426,0.0930038426912914,0.12382828063955933,4,25.37482901234567,82.92234781650251,1.6268724076804457,16.642315451064746,1.8744352528571844,2.0140494824154382,4,15.6789123456789,13.266094128860017
168,28,0.45,20,9,7.15,10.0,92566.74710150491,15.93080007000044,318.6160014000088,23.549999999999997,850,20,37,5,0.4198654488235792,0.21883349390173992,0.03543102090283628,0.1700568919899217,4,25.37482901234567,25.216992306972454,0.6461986995826572,5.016420096522131,1.058999869621837,1.9293083174192418,3,15.6789123456789,7.838063583306254
164,24,0.6,20,12,5.7,5.0,96816.41529639174,18.83081280500046,376.6162561000092,42.9,1473,20,30,4,0.43671675260751874,0.22850761579598738,0.03935956526162029,0.1210942180408698,4,25.37482901234567,90.5362387435694,1.9307177156440019,3.343338654423703,1.6362496472124208,0.9017476478958335,3,15.6789123456789,2.8161880724152475
179,21,0.65,20,13,5.3,4.0,137754.53733883175,9.43596643500059,188.71932870001183,49.1,588,20,41,3,0.7862950067321717,0.23742568283467297,0.0829420629963036,0.4029372268885846,4,25.37482901234567,48.69299848915852,1.7173059122796448,7.605073180514439,2.940442499769029,2.485987038628228,4,15.6789123456789,35.833117052056195
181,12,0.65,20,13,5.15,5.0,76548.16932242863,7.3237345850004205,146.4746917000084,49.55,538,20,35,3,0.7130907290914579,0.153502535882096,0.12116476624535846,0.42065973499608056,4,25.37482901234567,97.21331699415894,1.5016271500882126,12.992470228955858,3.86966863987815,0.9613173861313,5,15.6789123456789,30.827020828584875
187,10,0.7,20,14,4.0,2.0,94238.01019230769,5.018914855000003,100.37829710000005,58.0,456,20,40,2,0.385883127973368,0.27002222352917993,0.021582972936068465,0.40489746049919895,4,25.37482901234567,95.92351688302021,1.9991657870936448,18.448291505817203,2.848743276899786,1.4674801381628206,6,15.6789123456789,47.14710598241025
184,18,0.25,20,5,8.35,10.0,139272.22925,7.614399954999681,152.2879990999936,-0.04999999999999716,826,20,16,6,0.9196401239417681,0.02231739331101392,0.08302278700301914,0.15010475597973283,4,25.37482901234567,12.015596503383488,1.4913857772472054,16.701610611572825,3.4656974972281374,1.9691578450717082,4,15.6789123456789,19.512752764124265
167,10,0.5,20,10,6.05,10.0,108625.79157407407,21.589992380000147,431.799847600003,31.85,1044,20,50,5,0.9714984249877364,0.0984914963179293,0.04049301564990543,0.13862867272457208,4,25.37482901234567,78.97946226134421,0.7328606215911003,12.978248135755987,4.177479421776568,1.413318843532893,3,15.6789123456789,45.124014149401845
175,23,0.5,20,10,6.65,10.0,71742.801640625,15.237505420000343,304.75010840000687,30.049999999999997,1251,20,25,5,0.5232574681352551,0.27450513272884836,0.09851885049127354,0.4224521367105003,4,25.37482901234567,54.638578169644,0.693907486918249,19.112283239289308,4.132438611960378,1.6347882595018999,4,15.6789123456789,41.342149661212005
188,29,0.65,20,13,5.3,5.0,82688.13027777777,6.588203389999944,131.76406779999888,49.1,673,20,25,4,0.7950784324896327,0.10900227833688379,0.1279857631990934,0.4871133833902592,4,25.37482901234567,14.85020029829346,0.8349710301782379,17.158854270689858,1.35202837898022,0.4777436355302388,3,15.6789123456789,30.64449759186654
185,11,0.2,20,4,8.45,10.0,142636.39455128205,10.127395149999938,202.54790299999877,-5.349999999999998,467,20,39,5,0.5014961205814611,0.013070018694316614,0.06638188992374139,0.12290214160870079,4,25.37482901234567,38.25105417056505,1.9413969770567463,13.837480240955609,2.9002078969832543,2.798399128051663,3,15.6789123456789,36.47721734929213
191,24,0.6,20,12,5.3,5.0,81841.9540654762,7.002405079999517,140.04810159999033,44.1,383,20,48,5,0.9363120056290453,0.12616458064789957,0.07019923392206172,0.18991855852113415,4,25.37482901234567,44.32585292952003,1.9731607394798458,9.264401532708842,1.5690436996493795,2.8796249448276283,3,15.6789123456789,11.50642447140024
194,11,0.65,20,13,5.2,5.0,99440.32933333333,5.52685849999998,110.5371699999996,49.4,350,20,42,3,0.6288551587337199,0.2677770453098462,0.06426662497865958,0.3806333559908661,4,25.37482901234567,92.23608384334307,1.121169813888339,17.76630496111239,3.175943040111234,2.049641419589337,3,15.6789123456789,25.25249584030915
189,24,0.7,20,14,4.8,3.0,64898.54114662447,8.238149720000365,164.7629944000073,55.6,927,20,23,6,0.9384764561621658,0.25411718366961755,0.08659063924409398,0.46617498322631035,4,25.37482901234567,81.57455398253008,1.9658329435842221,7.2455031988399705,2.857614497480874,0.41781626761064516,4,15.6789123456789,23.402492992434052
195,29,0.35,20,7,7.3,10.0,143919.38287037035,5.361871214999519,107.23742429999038,13.100000000000001,316,20,37,3,0.9665823634441798,0.014472651736880827,0.12244603917083938,0.23516033228343455,4,25.37482901234567,43.48988785572125,1.268688650054337,8.222479031614565,1.885475296393627,2.451972731066363,3,15.6789123456789,46.15508009079669
183,12,0.6,20,12,5.35,3.0,64511.79948318189,13.204157549999582,264.08315099999163,43.95,1113,20,32,2,0.45222476579376203,0.11161667165159572,0.06920061777101161,0.4257835822065733,4,25.37482901234567,32.55766164047319,0.7901476425996204,6.256052145929669,3.0847701330019603,0.10913286648306408,6,15.6789123456789,34.93921003298339
192,18,0.5,20,10,6.3,10.0,124675.99904084396,8.430181385000106,168.6036277000021,31.1,1352,20,14,4,0.49251201287692853,0.12483438134560829,0.05615419052081575,0.4631425541345825,4,25.37482901234567,11.77729256135683,0.7893216854234644,19.118955287817172,4.148559401609705,1.6395898006806415,5,15.6789123456789,25.001908729511875
186,21,0.9,20,18,2.9,2.0,114540.95249999998,11.085091600000123,221.70183200000247,81.3,1239,20,35,4,0.68756863456777,0.23007673243270452,0.07604353060230573,0.3916856727984359,4,25.37482901234567,74.00445688934916,0.9466967470370222,3.4076858135028565,1.3408364368091386,0.5725466722686324,5,15.6789123456789,32.08521872796858
199,23,0.8,20,16,4.05,3.0,95990.27263888888,6.075830544999917,121.51661089999834,67.85,1070,20,19,2,0.680909386953154,0.27786862331285944,0.024611267266042472,0.4309486970910422,4,25.37482901234567,98.5931628213574,1.2784057677749592,13.942569990564337,2.699095043470471,2.0302797259558947,6,15.6789123456789,3.107624078475483
196,28,0.6,20,12,5.45,4.0,157842.01255411256,8.982576074999816,179.6515214999963,43.65,615,20,41,6,0.6183303455408637,0.2579490031576165,0.1433159365513109,0.2229400414956838,4,25.37482901234567,31.763877454110638,1.6730966484370036,16.7366694057718,1.7827951616465296,1.4530091773598377,5,15.6789123456789,23.560130892780617
190,26,0.45,20,9,6.25,10.0,77374.06982440475,14.082306219999555,281.6461243999911,26.25,909,20,41,5,0.39955437296839086,0.21015809363438764,0.09438765435592827,0.10903903011241792,4,25.37482901234567,93.05181623713132,1.2042968269639223,10.819277316824289,2.8603557964719672,1.0725377686797515,4,15.6789123456789,27.022587496051713
197,28,0.3,20,6,8.0,10.0,42794.48268093511,11.512388654999995,230.2477730999999,6.0,1366,20,19,3,0.5804879924584669,0.07766029985252233,0.02563549705850718,0.2230045489136336,4,25.37482901234567,49.91324522597422,0.824643780345303,17.16878861373474,1.0135415404002122,2.488000228743135,4,15.6789123456789,8.814342464341813
193,14,0.3,20,6,8.0,10.0,64856.92982737093,15.186455025000578,303.72910050001155,6.0,897,20,39,2,0.4190160065325876,0.12779211049208786,0.035385614803496716,0.4638317994446377,4,25.37482901234567,62.61352748114384,1.052318296631751,17.33009465634928,3.8500520064410946,2.560280519088978,5,15.6789123456789,32.50863532107353
198,23,0.75,20,15,4.1,3.0,236225.93635416665,13.379551965000246,267.5910393000049,62.7,1144,20,48,6,0.5230187377631283,0.288797493759657,0.03544748528691026,0.2907351713451836,4,25.37482901234567,81.96660240134985,1.3009124064461328,15.453630585141061,0.9671575201381687,1.2028145626076532,3,15.6789123456789,10.641979140013783
